{"aspect_extraction": {"precision": [0.7674999808125005, 0.8048780269680752, 0.7878787661741388, 0.7702349668345962, 0.7653061029258648], "recall": [0.8208555930252516, 0.794117625825732, 0.7647058619062604, 0.7887700323858281, 0.8021390159855879], "f1": [0.7932766389220017, 0.7994566207297935, 0.7761143830695211, 0.7793873183242205, 0.7832847995737696]}, "opinion_extraction": {"precision": [0.759174294514351, 0.7599999810000005, 0.7667493606265667, 0.7751195986813494, 0.7286995352309522], "recall": [0.801452765097996, 0.7360774640174949, 0.7481840012546247, 0.7845036129660142, 0.7869249204134402], "f1": [0.7797358569467528, 0.7478424613893913, 0.7573479233978117, 0.7797783749475253, 0.7566888198290869]}, "triplet_extraction": {"precision": [0.5413043360586014, 0.5324073950831621, 0.5681818038337929, 0.5839999844266671, 0.5662983268978363], "recall": [0.5750577234397755, 0.5311778168319211, 0.5196304729877489, 0.5057736603747423, 0.4734410976110601], "f1": [0.557665764802117, 0.5317868952723772, 0.542817674835356, 0.5420742203120388, 0.515718297393536]}}