{"aspect_extraction": {"precision": [0.6151172839694415, 0.6961894881957829, 0.7011375315290845, 0.6892039183292921, 0.6500461620494352], "recall": [0.829039802938644, 0.7915690773820951, 0.7939109977293795, 0.7400468297418404, 0.8243559622440754], "f1": [0.7062295166662195, 0.7408169302732888, 0.7446408101198001, 0.7137160598492314, 0.7268923262226987]}, "opinion_extraction": {"precision": [0.6943105043943056, 0.7324840686572817, 0.6613616210312854, 0.6826291015715578, 0.7588168286824024], "recall": [0.8172531121764687, 0.7832008991691158, 0.849035177649998, 0.825198628544851, 0.7570942025301453], "f1": [0.7507770899314214, 0.7569889633164539, 0.7435338372330464, 0.7471687266748056, 0.7579495368808654]}, "triplet_extraction": {"precision": [0.2894736825544984, 0.3487084838680029, 0.40180586453943723, 0.3515704118381924, 0.38356163905900825], "recall": [0.5080321234133321, 0.37951806847873426, 0.35742971528685025, 0.34839357079926137, 0.3092369446863761], "f1": [0.36880003761673585, 0.36345654398495614, 0.378315948301673, 0.3499697823229378, 0.3424075051734563]}}