{"aspect_extraction": {"precision": [0.5936981659419873, 0.6076922983431954, 0.6138996020482702, 0.5331491639067796, 0.5778251475943466], "recall": [0.7005870704386092, 0.7729941140314264, 0.6223091854734015, 0.7553815899142546, 0.5303326706392824], "f1": [0.6427239274482857, 0.6804429497337828, 0.6180707900079653, 0.625096353218323, 0.5530562224315421]}, "opinion_extraction": {"precision": [0.5850091300729593, 0.596590897791839, 0.642857129351741, 0.6003490296623206, 0.6718749850027905], "recall": [0.6438631661194534, 0.6338028041488369, 0.6156941526017273, 0.6921529035784124, 0.6056337906311109], "f1": [0.6130218196887199, 0.61462913896267, 0.6289775177031591, 0.6429856674504895, 0.6370320370368773]}, "triplet_extraction": {"precision": [0.2797356766578045, 0.34782607532354265, 0.34586464865170496, 0.3024830631493665, 0.2953667896647338], "recall": [0.22241680871424155, 0.18213659926205605, 0.1611208378087419, 0.23467600289534146, 0.26795095852975553], "f1": [0.24779993845876938, 0.23907594308946023, 0.21982839471899843, 0.264294877313447, 0.2809867423083077]}}