{"aspect_extraction": {"precision": [0.7404426410373715, 0.7137254762014613, 0.7065420428683731, 0.7175572382145565, 0.6820603786490164], "recall": [0.7229862333401527, 0.7151276873255857, 0.7426325983765698, 0.7387033253692864, 0.7544204173984201], "f1": [0.7316053241728285, 0.7144208937704088, 0.724132920297689, 0.7279717536931128, 0.7164129098037373]}, "opinion_extraction": {"precision": [0.7002096289264229, 0.7005987884112018, 0.7022587124792873, 0.675675662631744, 0.7058823381117156], "recall": [0.6626983995496349, 0.6964285576105446, 0.67857141510771, 0.6944444306657851, 0.6666666534391538], "f1": [0.6809328084941914, 0.6985024488662644, 0.6902068947424405, 0.684926494420316, 0.6857092758381479]}, "triplet_extraction": {"precision": [0.42909090128925637, 0.487654310953615, 0.5203836805663387, 0.5045454430785127, 0.47193346212196546], "recall": [0.39999999322033913, 0.40169490844584904, 0.3677966039356508, 0.3762711800632004, 0.3847457561907499], "f1": [0.414030086671497, 0.4405154846744798, 0.43097825723943767, 0.4310630588923937, 0.42389793842264634]}}