{"aspect_extraction": {"precision": [0.667553173735288, 0.6070685944476384, 0.6413301510372886, 0.6023856739088336, 0.6244635059128003], "recall": [0.6435897270874429, 0.7487179295200531, 0.6923076745562136, 0.776923057001973, 0.7461538270216967], "f1": [0.655347465015046, 0.670488724637438, 0.6658396271741707, 0.6786064870712006, 0.6799015656205211]}, "opinion_extraction": {"precision": [0.7023554453457078, 0.6647509451197138, 0.7654320798658746, 0.7092050060835773, 0.6795366664182111], "recall": [0.7809523623582771, 0.8261904565192749, 0.7380952205215424, 0.8071428379251706, 0.8380952181405901], "f1": [0.739566587024204, 0.7367254039485572, 0.7515101349827392, 0.7550061399329353, 0.7505280876481161]}, "triplet_extraction": {"precision": [0.3100436613527585, 0.21309655701335675, 0.22992700450210457, 0.30079680675703574, 0.2813008084341332], "recall": [0.3120879052288373, 0.42197801270377994, 0.4153846062552834, 0.33186812457432696, 0.38021977186330175], "f1": [0.3110574248646379, 0.2831813775055654, 0.2960016730897, 0.31556449352699434, 0.32335959181115786]}}