{"aspect_extraction": {"precision": [0.6583011519469001, 0.6714431865768353, 0.6827896436131649, 0.6604696608564613, 0.6397058764732916], "recall": [0.7930232465927529, 0.7627906888047594, 0.7058139452812332, 0.7848837118036778, 0.8093023161709033], "f1": [0.7194043182301333, 0.7142029602823841, 0.6941059139994121, 0.7173170273336233, 0.7145741166344309]}, "opinion_extraction": {"precision": [0.7365010719600317, 0.7128309499711716, 0.7223942133911846, 0.7289915889811808, 0.7230614227284852], "recall": [0.7586206812166777, 0.7786429279350063, 0.7786429279350063, 0.7719688456955635, 0.7986651746533351], "f1": [0.7473922532111414, 0.7442799566662964, 0.7494596671244508, 0.7498599339017294, 0.7589802051972829]}, "triplet_extraction": {"precision": [0.3686486446632579, 0.32375188862517484, 0.3839080415642754, 0.3857598258686522, 0.3929008519840777], "recall": [0.34099999659, 0.42799999572, 0.33399999666, 0.36299999637, 0.32099999679], "f1": [0.3542807182649859, 0.3686428105266737, 0.3572142717499402, 0.37402900392366817, 0.35332471117997866]}}