{"aspect_extraction": {"precision": [0.819218227700029, 0.8101472862496353, 0.8009188238756689, 0.79541983518443, 0.7971697987866384], "recall": [0.7984126857394812, 0.7857142732426307, 0.8301587169816077, 0.826984113857395, 0.8047618919879065], "f1": [0.808676659882436, 0.7977387433831343, 0.8152716841740902, 0.8108899309366495, 0.8009428547888915]}, "opinion_extraction": {"precision": [0.7934782500886107, 0.7807350978360571, 0.8040816217131752, 0.7853333228622223, 0.7937336711000826], "recall": [0.7967257735780932, 0.8403819803494955, 0.8062755688093374, 0.8035470558861247, 0.829467928656645], "f1": [0.7950936958303932, 0.80945623137969, 0.8051721007872354, 0.794330795774998, 0.8112024632784681]}, "triplet_extraction": {"precision": [0.7113997011342035, 0.7031019098507842, 0.7128129497376591, 0.7067901125495353, 0.6895564994340987], "recall": [0.6320512739480606, 0.6102564024326103, 0.6205128125575281, 0.5871794796515452, 0.6179487100262986], "f1": [0.6693772215610655, 0.6533924079576136, 0.6634631437587133, 0.6414516164103483, 0.6517867574043812]}}