{"aspect_extraction": {"precision": [0.8458646298547132, 0.8503936673073359, 0.7979797711117923, 0.8220640276845542, 0.8503936673073359], "recall": [0.7812499728732649, 0.7499999739583343, 0.8229166380931724, 0.8020833054832186, 0.7499999739583343], "f1": [0.8122693468226372, 0.7970429607751173, 0.8102513837696089, 0.8119457631091017, 0.7970429607751173]}, "opinion_extraction": {"precision": [0.7103063868995436, 0.7010869374704637, 0.7154929375917483, 0.661691525828569, 0.6416039939447621], "recall": [0.7306590048521776, 0.7392549931445561, 0.7277936754213847, 0.762177628590899, 0.7335243342829704], "f1": [0.7203339637344593, 0.7196602554379371, 0.7215858889889928, 0.7083838209856116, 0.6844869826851144]}, "triplet_extraction": {"precision": [0.6179104293161066, 0.6430769032899415, 0.6344410684458892, 0.612612594215838, 0.5812672016179835], "recall": [0.5798319165313189, 0.585434157270752, 0.5882352776404685, 0.5714285554221693, 0.5910363980101849], "f1": [0.5982608837581651, 0.6128982188811769, 0.6104601057145101, 0.5912993367781567, 0.5861060952201174]}}