{"aspect_extraction": {"precision": [0.7058823298731265, 0.7110389379532813, 0.6705539163103815], "recall": [0.7741935206382251, 0.7849462084248672, 0.8243727303092212], "f1": [0.7384565238995878, 0.74616193741018, 0.7395448684174115]}, "opinion_extraction": {"precision": [0.5941320148133982, 0.5681293171332722, 0.5786924799348068], "recall": [0.6942856944489803, 0.7028571227755108, 0.6828571233469394], "f1": [0.640311218912306, 0.6283475305931863, 0.6264694606942577]}, "triplet_extraction": {"precision": [0.5013476953814637, 0.4805194680384554, 0.47658400890953145], "recall": [0.5314285562448985, 0.5285714134693882, 0.49428570016326573], "f1": [0.5159450593261126, 0.5033963582335265, 0.4852684803876167]}}