{"aspect_extraction": {"precision": [0.6155143235157787, 0.6473880476233573, 0.596747957776456, 0.545578223869684, 0.6245136065269726], "recall": [0.7170923238292275, 0.6817288667636765, 0.7210215968365109, 0.7878192379603294, 0.6306483176689919], "f1": [0.6624269589900057, 0.6641098232009828, 0.653019943918127, 0.6446896884570738, 0.6275609702948394]}, "opinion_extraction": {"precision": [0.6159695700386013, 0.6258865137254165, 0.6140035796408694, 0.5972927140898018, 0.624999988162879], "recall": [0.6428571301020412, 0.7003968115000633, 0.67857141510771, 0.7003968115000633, 0.6547618917705974], "f1": [0.6291212036969733, 0.6610436925778034, 0.644669835424085, 0.6447438782726843, 0.6395298740700561]}, "triplet_extraction": {"precision": [0.3171206163984316, 0.3134796139975043, 0.29376256954200064, 0.316831672711826, 0.371024721871918], "recall": [0.2762711817581156, 0.16949152255099115, 0.2474576229244471, 0.16271186164895152, 0.1779660986785407], "f1": [0.29528487350199684, 0.22001744186048175, 0.2686242865785709, 0.21500111083534937, 0.24054544107468082]}}