{"aspect_extraction": {"precision": [0.8709677285565633, 0.8321479255739982, 0.8677811418270344], "recall": [0.8736517584953505, 0.9013867349555204, 0.8798150865976104], "f1": [0.8723026789280679, 0.8653796105882133, 0.8737516816160128]}, "opinion_extraction": {"precision": [0.8218390686517375, 0.7926330041932742, 0.7983310041956745], "recall": [0.8148148032077663, 0.8276353158456508, 0.8176638060161852], "f1": [0.818306862521621, 0.809751088639423, 0.8078767627749575]}, "triplet_extraction": {"precision": [0.7163978398333624, 0.717006792965894, 0.7120786416842888], "recall": [0.7059602555501953, 0.6980132357879042, 0.6715231699136004], "f1": [0.7111357513232011, 0.7073775417766917, 0.6912015388758104]}}