{"aspect_extraction": {"precision": [0.7036363508429755], "recall": [0.7979381278775645], "f1": [0.7478210922593561]}, "opinion_extraction": {"precision": [0.7761193885052353], "recall": [0.7969348506334321], "f1": [0.7863844000303504]}, "triplet_extraction": {"precision": [0.5230263071870673], "recall": [0.575045197557953], "f1": [0.54779861940072]}}