{"aspect_extraction": {"precision": [0.7231565236331627, 0.7243994851529775, 0.7331606122647589], "recall": [0.8343283457562933, 0.8552238678324796, 0.8447761067943865], "f1": [0.7747697895431835, 0.7843892741027606, 0.7850158185991282]}, "opinion_extraction": {"precision": [0.6883259836087446, 0.6954595714788531, 0.6505771180422129], "recall": [0.8012820410092046, 0.8051281948060488, 0.794871784681131], "f1": [0.740516347024118, 0.746281411216027, 0.7155172574144042]}, "triplet_extraction": {"precision": [0.559954744796892, 0.5572254270840992, 0.5598631635135329], "recall": [0.6021897736959881, 0.5863746887302349, 0.5973235937065257], "f1": [0.5802998064087481, 0.5714235679462244, 0.5779820496856314]}}