{"aspect_extraction": {"precision": [0.6838709567117588, 0.7003484198545572, 0.7365384473742607, 0.6683006426748261, 0.7119565088413676], "recall": [0.7999999849056607, 0.7584905517265934, 0.7226414957992171, 0.7716980986472057, 0.7415094199715204], "f1": [0.7373863221809361, 0.7282558643484388, 0.7295187961158953, 0.7162822286806328, 0.7264275210213995]}, "opinion_extraction": {"precision": [0.7184465879913284, 0.7285428996298823, 0.7248995838373578, 0.7065420428683731, 0.6978967361778827], "recall": [0.694183851891485, 0.6848029890280866, 0.6772982987373678, 0.7091932324729225, 0.6848029890280866], "f1": [0.7061018582640717, 0.7059911226965824, 0.7002859718445545, 0.7078601553362753, 0.6912828661798391]}, "triplet_extraction": {"precision": [0.43738656193490816, 0.45214520706031014, 0.4615384532819597, 0.44481604607331027, 0.4411764637588783], "recall": [0.3905996695202647, 0.44408427157075736, 0.4181523433038518, 0.4311183074373046, 0.4619124722542549], "f1": [0.41266624183573775, 0.44807348863560054, 0.4387705149607899, 0.4378550763767341, 0.45130140884650466]}}