{"aspect_extraction": {"precision": [0.8761467488006078, 0.8464729939222824, 0.8473895242012239], "recall": [0.684587789082875, 0.7311827694916571, 0.7562723743271551], "f1": [0.7686067144427644, 0.7846103811705756, 0.7992374101406967]}, "opinion_extraction": {"precision": [0.6737967734278938, 0.6803278502642665, 0.7164633927907502], "recall": [0.7199999794285721, 0.7114285511020414, 0.6714285522448985], "f1": [0.6961275829850723, 0.6955257093614597, 0.6932103240846823]}, "triplet_extraction": {"precision": [0.5904761717309153, 0.6203389620224081, 0.574534143648008], "recall": [0.5314285562448985, 0.5228571279183678, 0.5285714134693882], "f1": [0.5593934933114451, 0.567436879269425, 0.5505902304342781]}}