{"aspect_extraction": {"precision": [0.784132826861018, 0.7613019753833278, 0.7972166839519547, 0.7313691381045211, 0.8053278523498392], "recall": [0.8620689480310558, 0.85395535793194, 0.813387407436361, 0.855983755456719, 0.7971602272381293], "f1": [0.8212510340147616, 0.8049663204027325, 0.805215867900108, 0.7887800628315484, 0.8012182254164772]}, "opinion_extraction": {"precision": [0.7889733690309246, 0.782608680858059, 0.7659574332277052, 0.7736185245344291, 0.7905282187517629], "recall": [0.7685185042866944, 0.7666666524691361, 0.7999999851851854, 0.8037036888203021, 0.8037036888203021], "f1": [0.7786066185565739, 0.7745506455653253, 0.7826036838693434, 0.7883691927975739, 0.7970565100687075]}, "triplet_extraction": {"precision": [0.5804794421150781, 0.6474500965088671, 0.5688729773010202, 0.5941498977303492, 0.6514522686420692], "recall": [0.5895652071379964, 0.5078260781247639, 0.5530434686427224, 0.5652173814744803, 0.5460869470245748], "f1": [0.5849820480580007, 0.5691958417071263, 0.5608415519950131, 0.5793176309765297, 0.5941293699849226]}}