{"aspect_extraction": {"precision": [0.7518610235270218, 0.7336561565700689, 0.7203579257190621, 0.7372092851811795, 0.7617865815933851], "recall": [0.776923057001973, 0.776923057001973, 0.8256410044707435, 0.8128204919789618, 0.7871794669953983], "f1": [0.7641816151422067, 0.7546649728854988, 0.7694095807016179, 0.7731657247793546, 0.774269887270702]}, "opinion_extraction": {"precision": [0.8316326318461064, 0.774881498225557, 0.7952940989342565, 0.8060453197469694, 0.790322562434964], "recall": [0.776190457709751, 0.7785714100340141, 0.8047618856009076, 0.7619047437641728, 0.8166666472222227], "f1": [0.8029506512237616, 0.7767170718722234, 0.7999949812714007, 0.7833487179882643, 0.8032736710872737]}, "triplet_extraction": {"precision": [0.5953608093979174, 0.53863133468805, 0.504798454802333, 0.5898058109270434, 0.5112474333078235], "recall": [0.5076922965342353, 0.5362637244777204, 0.5780219653181986, 0.5340659223282215, 0.5494505373747135], "f1": [0.5480377232529817, 0.5374399221534847, 0.5389294380960508, 0.5605486326304618, 0.5296560122607011]}}