{"aspect_extraction": {"precision": [0.8510300974480175, 0.8627450839420738, 0.8369565087429114, 0.8587301450995215, 0.8454258541730938], "recall": [0.8443396093657295, 0.8301886661920022, 0.8474842634043355, 0.8506289174429416, 0.8427672823464264], "f1": [0.8476666520778146, 0.8461488344723244, 0.8421824870658151, 0.8546553341911562, 0.8440894749381672]}, "opinion_extraction": {"precision": [0.8161668733224658, 0.8386666554844446, 0.8263707463920268, 0.8337730760715953, 0.8163265201999168], "recall": [0.8140442026782289, 0.8179453729786038, 0.8231469333791036, 0.8218465432789787, 0.8322496640799784], "f1": [0.8150991560924791, 0.828171421771292, 0.8247506896291403, 0.8277618525782434, 0.8242061940033979]}, "triplet_extraction": {"precision": [0.7193675794549726, 0.7300944570837455, 0.6945500545684404, 0.7026315697022162, 0.6805031360943002], "recall": [0.6757425658942752, 0.6695544471589796, 0.6782178133883934, 0.6608910809295658, 0.6695544471589796], "f1": [0.6968680017739508, 0.6985101714492713, 0.6862817798764352, 0.6811174450139883, 0.674979396186408]}}