{"aspect_extraction": {"precision": [0.7255474346635411], "recall": [0.8068181687204843], "f1": [0.7640226733737439]}, "opinion_extraction": {"precision": [0.7932692180565831], "recall": [0.7807570854770176], "f1": [0.7869584218586219]}, "triplet_extraction": {"precision": [0.5349462293690023], "recall": [0.5653409010604986], "f1": [0.5497187531741278]}}