{"aspect_extraction": {"precision": [0.8048162128667147], "recall": [0.7523696593321131], "f1": [0.777704732859935]}, "opinion_extraction": {"precision": [0.7622857055738776], "recall": [0.7819460635176312], "f1": [0.771985732648489]}, "triplet_extraction": {"precision": [0.5849514492117542], "recall": [0.49537512337743966], "f1": [0.5364446667367841]}}