{"aspect_extraction": {"precision": [0.6633954792601032, 0.6969696896868371, 0.6709486099708636, 0.6833667266195719, 0.6910052836930658], "recall": [0.8047618951814061, 0.7940476095946714, 0.8083333237103176, 0.8119047522392292, 0.7773809431264174], "f1": [0.7272677658393328, 0.7423433713419688, 0.7332563743343626, 0.7421060191129256, 0.7316476702016076]}, "opinion_extraction": {"precision": [0.7072330573222382, 0.6991051375939022, 0.6786090550199256, 0.6904255245699412, 0.6773162867165465], "recall": [0.7633209323008558, 0.7744733485195372, 0.7980173383145311, 0.8042131251026875, 0.788104079453481], "f1": [0.7342023883062146, 0.7348568504462111, 0.7334802179976903, 0.7429829998999035, 0.7285173570364788]}, "triplet_extraction": {"precision": [0.3806451571973639, 0.33098591290308366, 0.37337336963590223, 0.36460347809861243, 0.32162372894907315], "recall": [0.3778014900981698, 0.45144076359188084, 0.39807897120513375, 0.4023479145960735, 0.4397011692667965], "f1": [0.3792129928601735, 0.3819364243723191, 0.38532557972439135, 0.3825419387853062, 0.371500978122132]}}