{"aspect_extraction": {"precision": [0.8291535920195362, 0.815548768055659, 0.8172514500401835, 0.7826086846758951, 0.7868162582494214], "recall": [0.7895522270216085, 0.7985074507685456, 0.8343283457562933, 0.8328358084651373, 0.8373134203386057], "f1": [0.8088634921845423, 0.8069331482966619, 0.8256966131837042, 0.8069364248652775, 0.8112748195962994]}, "opinion_extraction": {"precision": [0.7875776299679798, 0.7947761095177102, 0.7929736412424888, 0.7690476098922904, 0.7885085478177439], "recall": [0.8128205023997371, 0.8192307587278108, 0.8102563998685077, 0.8282051175871139, 0.8269230663214991], "f1": [0.7999949911805143, 0.8068131728098972, 0.8015168674286844, 0.7975258612414419, 0.8072540665972455]}, "triplet_extraction": {"precision": [0.7095435586508498, 0.6774999915312502, 0.6658195595194465, 0.6629353151376205, 0.6679104394538503], "recall": [0.6240875836485695, 0.6593673885721729, 0.6374695786195915, 0.6484184835958822, 0.6532846635853448], "f1": [0.6640726818735139, 0.6683057202135779, 0.65133122799359, 0.6555915485525018, 0.6605115976921926]}}