{"aspect_extraction": {"precision": [0.6804123594430866, 0.6877192861803634, 0.7108208822608044, 0.6849087780280468, 0.6677215084221281], "recall": [0.8032454198124662, 0.7951318297133504, 0.7728194569407818, 0.8377281777337084, 0.855983755456719], "f1": [0.7367392066446093, 0.7375302899087498, 0.7405197757128986, 0.7536446716819004, 0.7502172852471258]}, "opinion_extraction": {"precision": [0.7142857024205033, 0.7269565090964085, 0.7542532938704481, 0.7557251764174585, 0.7384341505616699], "recall": [0.7962962815500689, 0.7740740597393693, 0.7388888752057616, 0.7333333197530867, 0.7685185042866944], "f1": [0.7530598001808358, 0.7497707762644504, 0.7464870352403197, 0.7443558894281097, 0.7531710319138253]}, "triplet_extraction": {"precision": [0.3700360944036806, 0.2962962928669411, 0.3251028761988632, 0.38867923794944836, 0.3685121043510017], "recall": [0.35652173293005684, 0.4452173835614368, 0.41217390587523645, 0.35826086333459367, 0.37043477616635173], "f1": [0.3631482283150208, 0.3557978375135921, 0.3634919967429759, 0.37284568034364435, 0.36946593905258]}}