{"aspect_extraction": {"precision": [0.7625145429276537, 0.7595375634735542, 0.7375271069682526, 0.7709832041848537, 0.7558268506567497], "recall": [0.7760663415158017, 0.7784360097341705, 0.8056871942454125, 0.7618483322055885, 0.8068720283545968], "f1": [0.7692257606173355, 0.7688656764004482, 0.7700969263196126, 0.76638354888256, 0.7805107557334746]}, "opinion_extraction": {"precision": [0.7956730673596988, 0.7863961720000457, 0.7896725341351066, 0.830578500956219, 0.7674684906360998], "recall": [0.776084398873571, 0.7725674000871349, 0.7350527463651495, 0.7069167560736606, 0.7854630623040673], "f1": [0.7857516680398017, 0.7794154524725653, 0.761379332358198, 0.7637695635522417, 0.7763565212555519]}, "triplet_extraction": {"precision": [0.6245259086659177, 0.5846153781910398, 0.609004732120797, 0.6339066261190832, 0.5975056621597997], "recall": [0.5077081140009444, 0.5467625843087093, 0.5282630983734522, 0.530318596810703, 0.5416238382155824], "f1": [0.5600857498662937, 0.5650507617212115, 0.565762768055388, 0.5774992301409753, 0.5681890760313197]}}