{"aspect_extraction": {"precision": [0.6325503249572093, 0.6175040418556882, 0.6642468119011469, 0.6530248994123684, 0.6302367826914976], "recall": [0.774127294165764, 0.7823408463585042, 0.7515400256357284, 0.7535934136839135, 0.7104722646720275], "f1": [0.6962092575864088, 0.6902124481652089, 0.7051973175941447, 0.6997090255996806, 0.6679486730034242]}, "opinion_extraction": {"precision": [0.6666666563307495, 0.730275215958253, 0.6925619720237691, 0.6073369482698785, 0.7554240482164882], "recall": [0.8067542062522663, 0.7467166839265162, 0.7861163079527898, 0.8386491399878211, 0.718574095336321], "f1": [0.7300459666225616, 0.7383994396440658, 0.7363746204635631, 0.7044868426484822, 0.7365334505331605]}, "triplet_extraction": {"precision": [0.31319554351040474, 0.29228687019909516, 0.2742155487828711, 0.3039215636614124, 0.29066264622496013], "recall": [0.3474426746482774, 0.3809523742336442, 0.3544973482451967, 0.3280423222567492, 0.340388001051358], "f1": [0.32942644613033356, 0.33077609245142026, 0.3092258460782272, 0.31551663050932727, 0.3135612323659628]}}