{"aspect_extraction": {"precision": [0.731645551097581, 0.7560975404851615, 0.7499999798387103, 0.7499999806701036, 0.7617800847701549], "recall": [0.8050139051528161, 0.777158752725383, 0.777158752725383, 0.8105849356383027, 0.8105849356383027], "f1": [0.7665732404337892, 0.7664784964023063, 0.7633328740261544, 0.7791114525712868, 0.7854200848644255]}, "opinion_extraction": {"precision": [0.7590673378479965, 0.7457212531608496, 0.7469879338075197, 0.7562188866612217, 0.7450980209534799], "recall": [0.7710526112880892, 0.8026315578254853, 0.8157894522160671, 0.7999999789473691, 0.7999999789473691], "f1": [0.765008035195503, 0.7731255321829713, 0.7798692039400054, 0.7774885902427905, 0.7715685908231155]}, "triplet_extraction": {"precision": [0.5745856194865852, 0.5641711079098635, 0.5643044471311169, 0.5505050366034082, 0.6047197461734588], "recall": [0.5036319490646017, 0.5108958714068796, 0.5205811011965835, 0.5278450235388614, 0.49636802672232383], "f1": [0.536769201394766, 0.5362084675673708, 0.5415567073723707, 0.5389319481395684, 0.545207799919062]}}