{"aspect_extraction": {"precision": [0.6028480917270872, 0.5920245307971698, 0.6167557822325173, 0.6399999888695654, 0.6105918908007494], "recall": [0.7855669941120208, 0.7958762722499738, 0.7134020471463496, 0.7587628709533429, 0.8082474060155175], "f1": [0.6821794969773317, 0.6789748672853101, 0.6615628914127104, 0.6943346456211045, 0.6956472586358444]}, "opinion_extraction": {"precision": [0.6482334769856609, 0.7357798030132147, 0.7244367292125351, 0.6010854735266558, 0.627873554197219], "recall": [0.8084291032867988, 0.768199219000015, 0.8007662681845543, 0.8486589875735826, 0.8371647349202158], "f1": [0.7195176398830571, 0.7516351007324898, 0.7606865364737198, 0.7037282561919964, 0.7175648768267939]}, "triplet_extraction": {"precision": [0.3369565165068864, 0.305486280480221, 0.3421550029838374, 0.33038868674224936, 0.3482758560642094], "recall": [0.39240505619520694, 0.44303796667200784, 0.32730559986789154, 0.3381555092557774, 0.3652802827254922], "f1": [0.36256812232311025, 0.3616187798088212, 0.3345606155741179, 0.3342219831584233, 0.35657045998672404]}}