{"aspect_extraction": {"precision": [0.7302798796366443], "recall": [0.7994428746673294], "f1": [0.7632928622935398]}, "opinion_extraction": {"precision": [0.7518987151418047], "recall": [0.7815789268005546], "f1": [0.766446595029472]}, "triplet_extraction": {"precision": [0.5658263146827364], "recall": [0.4891041043800459], "f1": [0.5246703375408195]}}