{"aspect_extraction": {"precision": [0.6544117486663787, 0.608421039822715, 0.6858638563909986, 0.6049107007832433, 0.6159250441235353], "recall": [0.7437325698124633, 0.8050139051528161, 0.7298049935987467, 0.7548746307834365, 0.73259050884149], "f1": [0.6962140374899952, 0.6930406436924216, 0.7071474823921685, 0.6716183403639062, 0.6692062163606337]}, "opinion_extraction": {"precision": [0.7013333146311117, 0.6581395195781508, 0.7203389627022893, 0.6979166484917539, 0.6989795740056232], "recall": [0.6921052449445989, 0.7447368225069257, 0.6710526139196681, 0.7052631393351806, 0.7210526126038787], "f1": [0.6966837235216932, 0.6987604339327762, 0.6948178756604771, 0.7015656624352379, 0.7098395424390251]}, "triplet_extraction": {"precision": [0.3053435036808269, 0.3317422355192784, 0.29038854211884374, 0.32673266517988453, 0.3304597606189724], "recall": [0.29055689369111637, 0.33656173519220983, 0.34382565753448774, 0.31961258306022805, 0.2784503564539865], "f1": [0.2977617451534003, 0.3341296076873762, 0.3148509044248617, 0.32312840770653706, 0.3022289313756628]}}