{"aspect_extraction": {"precision": [0.7463672292421767, 0.7251908304683101, 0.7486486385317752], "recall": [0.8432835695032304, 0.8507462559590111, 0.8268656593005126], "f1": [0.7918660656818277, 0.7829620539803234, 0.7858106040455396]}, "opinion_extraction": {"precision": [0.6998880100796415, 0.7019122530718532, 0.6867335486428813], "recall": [0.8012820410092046, 0.7999999897435899, 0.789743579618672], "f1": [0.7471558029134707, 0.7477481579948658, 0.7346402153712357]}, "triplet_extraction": {"precision": [0.5444444383950618, 0.5223725231803067, 0.5343347582152923], "recall": [0.59610704870916, 0.6107055886775477, 0.6058394086880851], "f1": [0.5691006947495502, 0.5630909298920004, 0.5678399391176192]}}