{"aspect_extraction": {"precision": [0.6930320020144632, 0.7276422616332874, 0.7137476325094608, 0.7030651206309364, 0.7175572382145565], "recall": [0.7510203928363186, 0.7306122299875055, 0.7734693719700129, 0.7489795765514372, 0.767346923115369], "f1": [0.7208568940746151, 0.7291192214577925, 0.7424043961001053, 0.7252914333875219, 0.7416123480295416]}, "opinion_extraction": {"precision": [0.7091633324867862, 0.6732142736926023, 0.6719681774956625, 0.6614310530291265, 0.668478248759452], "recall": [0.695312486419678, 0.7363281106185916, 0.6601562371063235, 0.7402343605422976, 0.7207031109237674], "f1": [0.7021646119189345, 0.7033532058927745, 0.666004839524051, 0.6986125144826693, 0.6936040166211073]}, "triplet_extraction": {"precision": [0.44839254740452544, 0.49411763737024245, 0.4370629294219768, 0.4932562525384152, 0.5104166560329864], "recall": [0.4640980654273544, 0.4413309905195974, 0.4378283636107117, 0.4483362443373688, 0.42907179633849746], "f1": [0.4561051485908948, 0.4662299749711482, 0.4374403117417235, 0.4697197734558921, 0.46621767376486595]}}