{"aspect_extraction": {"precision": [0.7234726455475035, 0.7133333095555564, 0.7441077190536122], "recall": [0.8064515839981512, 0.7670250621137972, 0.7921146669492951], "f1": [0.7627068532931423, 0.7392005078475131, 0.7673560893819565]}, "opinion_extraction": {"precision": [0.5827505691666535, 0.5808823387038643, 0.588942293535041], "recall": [0.7142856938775517, 0.677142837795919, 0.6999999800000006], "f1": [0.6418435587298011, 0.625324828117845, 0.6396817045289542]}, "triplet_extraction": {"precision": [0.3930041071398332, 0.41036716176312826, 0.4248826191342108], "recall": [0.5457142701224494, 0.5428571273469392, 0.5171428423673474], "f1": [0.45693292048636175, 0.46739975919293814, 0.4664898813497277]}}