{"aspect_extraction": {"precision": [0.8560310950960665, 0.8085106096272834, 0.8776370937705867, 0.8036363344132242, 0.8527131452436766], "recall": [0.7638888623649701, 0.7916666391782418, 0.7222221971450626, 0.7673610844666291, 0.7638888623649701], "f1": [0.8073344361220037, 0.799994972515085, 0.7923759694096401, 0.7850749037605664, 0.8058557914677259]}, "opinion_extraction": {"precision": [0.6887052151871842, 0.6933701465919849, 0.7167629850646536, 0.721590888591168, 0.7438271375361996], "recall": [0.6925207564398683, 0.6952908394656278, 0.6869805903883494, 0.7036010885429062, 0.667590009208033], "f1": [0.690602715803423, 0.6943241647944183, 0.701550852312991, 0.7124774492894579, 0.7036446291151873]}, "triplet_extraction": {"precision": [0.665413508819041, 0.5606936254134791, 0.5878787700642797, 0.5706214528073036, 0.6292516792771539], "recall": [0.4849314935635208, 0.5315068347532375, 0.5315068347532375, 0.5534246423719277, 0.5068493011822109], "f1": [0.5610093684134738, 0.5457052554950748, 0.5582683779545994, 0.5618865015794038, 0.561451793697835]}}