{"aspect_extraction": {"precision": [0.7839720981194391, 0.7985074328915138, 0.7907801138021237, 0.8150943088643657, 0.8223937906411665], "recall": [0.8064515839981512, 0.7670250621137972, 0.7992831254737232, 0.7741935206382251, 0.7634408328515832], "f1": [0.7950479764701446, 0.782444699222124, 0.7950038844878367, 0.7941126212062891, 0.7918165388438297]}, "opinion_extraction": {"precision": [0.665775383268038, 0.6551723976558523, 0.6684349955322283, 0.6453201811497493, 0.730407500614185], "recall": [0.7114285511020414, 0.759999978285715, 0.7199999794285721, 0.7485714071836741, 0.6657142666938781], "f1": [0.6878402903967552, 0.7036987125571822, 0.6932549603503441, 0.6931167022556555, 0.6965570228326288]}, "triplet_extraction": {"precision": [0.5932721531109434, 0.567123272133609, 0.5702005567277778, 0.5601172856270591, 0.616949131628843], "recall": [0.5542856984489801, 0.5914285545306127, 0.5685714123265311, 0.5457142701224494, 0.5199999851428576], "f1": [0.5731116801684961, 0.5790159650683229, 0.5693798192419847, 0.5528169819984158, 0.5643361041720131]}}