{"aspect_extraction": {"precision": [0.7232346159084896], "recall": [0.7523696593321131], "f1": [0.737509511419627]}, "opinion_extraction": {"precision": [0.7832512218811426], "recall": [0.745603742724458], "f1": [0.7639589578517645]}, "triplet_extraction": {"precision": [0.5986928026314666], "recall": [0.4707091421304302], "f1": [0.5270376432705084]}}