{"aspect_extraction": {"precision": [0.6026711084695976, 0.6311926489689422, 0.5881383758132064, 0.5272727198982836, 0.6192307573224854], "recall": [0.7367346788421495, 0.7020408019991673, 0.7285714137026242, 0.7693877394002503, 0.6571428437317788], "f1": [0.6629886100371144, 0.6647293008285466, 0.6508610432240205, 0.6257213050560632, 0.6376187542004955]}, "opinion_extraction": {"precision": [0.6245210608329299, 0.6108107998052108, 0.6137184004743972, 0.591869909075286, 0.6242884132013584], "recall": [0.6367187375640871, 0.6621093620681766, 0.6640624870300296, 0.7109374861145022, 0.6425781124496462], "f1": [0.6305559167440308, 0.6354214254899665, 0.6378936825118154, 0.6459577632573831, 0.6332962400940758]}, "triplet_extraction": {"precision": [0.29228242541408167, 0.29280396295771804, 0.2574074026406037, 0.29999999285714307, 0.35967301472280616], "recall": [0.3117337948908267, 0.2066549876242559, 0.2434325701675557, 0.2206654952597987, 0.23117337598645576], "f1": [0.3016899154087477, 0.24229493853764336, 0.25022002199033044, 0.2542837084233524, 0.2814451239662083]}}