{"aspect_extraction": {"precision": [0.6730103689790594], "recall": [0.7612524312866452], "f1": [0.7144119020754208]}, "opinion_extraction": {"precision": [0.677484773276171], "recall": [0.6720321796371795], "f1": [0.6747424612348867]}, "triplet_extraction": {"precision": [0.46626983201845573], "recall": [0.41155866179406897], "f1": [0.4372043136705816]}}