{"aspect_extraction": {"precision": [0.7246963416053372, 0.7315174954957686, 0.7451361722736154, 0.7305502707675471, 0.7504911443911367], "recall": [0.7381443146774368, 0.7752577159740678, 0.789690705367202, 0.7938144166223832, 0.7876288497396113], "f1": [0.7313535146271465, 0.7527477419292056, 0.7667617556620528, 0.7608645588252574, 0.7686066575024589]}, "opinion_extraction": {"precision": [0.7441860331988187, 0.782608680858059, 0.7727272586776862, 0.7064516015088451, 0.7582417443545468], "recall": [0.7969348506334321, 0.7931034330823098, 0.8141762296134822, 0.839080443695777, 0.7931034330823098], "f1": [0.7696527159796263, 0.7878161080019387, 0.7929054364106911, 0.767070329898601, 0.775275886915183]}, "triplet_extraction": {"precision": [0.5245008979219438, 0.5543071057245861, 0.5563636262479341, 0.5071315292055225, 0.5653775218162519], "recall": [0.5226039688498378, 0.535262196469038, 0.5533453787821813, 0.5786618340205817, 0.5551536970134956], "f1": [0.5235457152172263, 0.5446132068243199, 0.5548453979995346, 0.5405355531554403, 0.5602139683400784]}}