{"aspect_extraction": {"precision": [0.7415506810824914, 0.783783767488903, 0.7677165203205409, 0.7519531103134158, 0.786324769522975], "recall": [0.7659137419730239, 0.774127294165764, 0.8008213387921697, 0.7905543985512444, 0.7556468017320985], "f1": [0.7535303396515659, 0.7789206039653969, 0.783914584491851, 0.7707657585035783, 0.7706756141438684]}, "opinion_extraction": {"precision": [0.8083003792826012, 0.7666068084989801, 0.7792452683161271, 0.7659574332277052, 0.8090551021839547], "recall": [0.7673545822259928, 0.8011256885342273, 0.7748592725167116, 0.8105065513976257, 0.7711069273713522], "f1": [0.7872904646729735, 0.7834812266121319, 0.7770410814069715, 0.7875975420809861, 0.7896203479753454]}, "triplet_extraction": {"precision": [0.5699797044628864, 0.5748987737874742, 0.5594795435040977, 0.5544746973837608, 0.5991561055030358], "recall": [0.4955908201835834, 0.5008818253812729, 0.5308641881681802, 0.5026454937805028, 0.5008818253812729], "f1": [0.530183693656519, 0.5353390287043345, 0.5447913737195829, 0.5272845490266552, 0.5456242321576751]}}