{"aspect_extraction": {"precision": [0.6691301838025573], "recall": [0.4563784394867063], "f1": [0.5426415570180766]}, "opinion_extraction": {"precision": [0.8116013841764929], "recall": [0.5420529783375729], "f1": [0.6499852691677748]}, "triplet_extraction": {"precision": [0.533333330294397], "recall": [0.29259143390874826], "f1": [0.3778718868014235]}}