{"aspect_extraction": {"precision": [0.7763532652941131], "recall": [0.8134328236801072], "f1": [0.7944556325697467]}, "opinion_extraction": {"precision": [0.749700589823945], "recall": [0.8025640922748194], "f1": [0.7752271943731524]}, "triplet_extraction": {"precision": [0.6102362124640918], "recall": [0.5656934237750192], "f1": [0.5871162119245366]}}