{"aspect_extraction": {"precision": [0.7445175356960797, 0.7546346700694148, 0.7402597322482714, 0.7437295447793943, 0.7263045716048502], "recall": [0.7950819579030216, 0.8103044401603696, 0.8009367587712324, 0.7985948384239481, 0.7985948384239481], "f1": [0.7689644191405723, 0.7814743877088975, 0.7693988236496309, 0.7701813330655829, 0.7607311991030291]}, "opinion_extraction": {"precision": [0.8057471171753205, 0.7856353504349686, 0.7945823838083252, 0.8152562477323451, 0.8130952284155331], "recall": [0.7956867106051452, 0.8070374482742628, 0.7990919319058805, 0.7763904565676453, 0.7752553828007335], "f1": [0.8006803137558413, 0.7961876012008672, 0.7968257776964136, 0.7953438309737966, 0.793719572378525]}, "triplet_extraction": {"precision": [0.6131549541454298, 0.6131639652059588, 0.5963791203793491, 0.6334841557298173, 0.6297198461666279], "recall": [0.5522088297971001, 0.5331325247677458, 0.5622489903388656, 0.5622489903388656, 0.5190763000092741], "f1": [0.5810832273358224, 0.5703494758619988, 0.5788063679082956, 0.595739692300607, 0.5690649355918969]}}