{"aspect_extraction": {"precision": [0.8099290665258289, 0.8106416148569388, 0.7854137337249126], "recall": [0.8522387932501673, 0.7731343168188908, 0.8358208830474495], "f1": [0.8305404457345245, 0.791438841010822, 0.8098286880192919]}, "opinion_extraction": {"precision": [0.7935323284386526, 0.79924716688523, 0.7947761095177102], "recall": [0.8179487074621961, 0.8166666561965814, 0.8192307587278108], "f1": [0.8055505465632617, 0.8078580214380635, 0.8068131728098972]}, "triplet_extraction": {"precision": [0.6293706220353075, 0.6248477390396134, 0.665369641175491], "recall": [0.6569342985774417, 0.6240875836485695, 0.6240875836485695], "f1": [0.6428521375388531, 0.6244624300544553, 0.644062793687503]}}