{"aspect_extraction": {"precision": [0.760493808382869, 0.7769028667479563, 0.7585365668649618, 0.784530365068222, 0.7657004645966072], "recall": [0.8020833124457472, 0.7708333132595492, 0.8098958122422966, 0.7395833140733512, 0.8255208118353956], "f1": [0.7807300915148334, 0.7738511890279905, 0.783370300522299, 0.761389085845225, 0.7944812027248284]}, "opinion_extraction": {"precision": [0.7912621167169389, 0.777777759773663, 0.7894736653235965, 0.7833333146825402, 0.716981117044421], "recall": [0.7670588054809693, 0.790588216692042, 0.7764705699653984, 0.7741176288442911, 0.8047058634186857], "f1": [0.7789675035328041, 0.7841256705141038, 0.7829131312683045, 0.7786932066285106, 0.7583098557119242]}, "triplet_extraction": {"precision": [0.5441527316431329, 0.5298701161072698, 0.6138328353362296, 0.6296296129727617, 0.48752833361613757], "recall": [0.5112107508697141, 0.45739909288342845, 0.47757846462828557, 0.5336322750306665, 0.48206276946047605], "f1": [0.5271626227878163, 0.4909697444176312, 0.5371955688382385, 0.5776649229854727, 0.48477514711506264]}}