{"aspect_extraction": {"precision": [0.6832412397193142, 0.6927592819420885, 0.6683848682408099, 0.6799307840842426, 0.7254508872655133], "recall": [0.7260273830523017, 0.6927592819420885, 0.7612524312866452, 0.769080219783166, 0.70841485893513], "f1": [0.7039798110202554, 0.6927542819781757, 0.7117973868823431, 0.7217580911045222, 0.716826669714309]}, "opinion_extraction": {"precision": [0.6778947225706374, 0.6728016222330957, 0.6774891628249099, 0.677824253602003, 0.6864406634228674], "recall": [0.6478873109077, 0.6619718176665631, 0.6297786593605904, 0.6519114556959466, 0.6519114556959466], "f1": [0.6625464292955986, 0.6673377860188847, 0.65275828818376, 0.6646103729185864, 0.6687256397177896]}, "triplet_extraction": {"precision": [0.4934782501417772, 0.45346533755514185, 0.4822134292052682, 0.4557956688448788, 0.46230157812893696], "recall": [0.39754815415852623, 0.40105078106741193, 0.4273204828840546, 0.4063047214307404, 0.40805603488518327], "f1": [0.44034422502702725, 0.42564556857931785, 0.45310550196049193, 0.4296246382093832, 0.43348338350773713]}}