{"aspect_extraction": {"precision": [0.6485061397450591, 0.6850828603115495, 0.6568265561471115, 0.6504347712967866, 0.6565143712941731], "recall": [0.7671517512026663, 0.7733887573100051, 0.7401247247375318, 0.7775467613815642, 0.8066527898824785], "f1": [0.7028521646246391, 0.7265575041731026, 0.6959871840697427, 0.7083283595711508, 0.7238756361895525]}, "opinion_extraction": {"precision": [0.7780040574744591, 0.7301293765225624, 0.7641325387108667, 0.7710843218657767, 0.7495291760917293], "recall": [0.754940696542674, 0.780632395639676, 0.7747035420019063, 0.7588932656345205, 0.7865612492774458], "f1": [0.766293882482366, 0.7545317629359358, 0.7693767319783168, 0.7649352241561048, 0.7675938309501045]}, "triplet_extraction": {"precision": [0.4215384485680478, 0.29314720440168524, 0.33284241041469204, 0.3929961013035778, 0.3711711644834025], "recall": [0.24818840130093478, 0.41847825328843746, 0.4094202824380384, 0.3659420223561228, 0.3731883990364421], "f1": [0.31242406224906577, 0.34477126941537023, 0.3671762008531214, 0.37898186610073664, 0.3721720484837102]}}