{"aspect_extraction": {"precision": [0.7485493085386982, 0.7639999847200003, 0.773662535521347, 0.7731958603464771, 0.7842323488748476], "recall": [0.8045737878466989, 0.7941787776678009, 0.7817047654531234, 0.7796257634173438, 0.7858627695246826], "f1": [0.7755460932004518, 0.7787921317996774, 0.7776578589525268, 0.7763924995713972, 0.78504171270501]}, "opinion_extraction": {"precision": [0.8425531735626984, 0.8208333162326393, 0.8095237934618296, 0.7822878084448744, 0.805882337139562], "recall": [0.7826086801855993, 0.7786561110937528, 0.806324094736678, 0.8379446474714497, 0.8122529483744477], "f1": [0.8114704000408021, 0.7991836282708112, 0.8079157761313258, 0.80915529583235, 0.809050102292354]}, "triplet_extraction": {"precision": [0.613390915477518, 0.5992217782252572, 0.630769216906171, 0.5633802717714741, 0.6054687381744387], "recall": [0.5144927443026677, 0.5579710043845832, 0.5199275268129071, 0.5797101344255411, 0.5615941927247429], "f1": [0.5596009387903785, 0.5778561587821394, 0.5700049656019102, 0.5714235622886299, 0.5827017630734787]}}