{"aspect_extraction": {"precision": [0.807194232990011, 0.8439024253023997, 0.8212121087695136, 0.79656159317247, 0.7480719698191264], "recall": [0.8373134203386057, 0.774626854110047, 0.8089552118066387, 0.8298507338828249, 0.868656703452885], "f1": [0.8219730116419813, 0.8077770977855326, 0.8150325820420895, 0.812860487317416, 0.803862420057615]}, "opinion_extraction": {"precision": [0.7773766452782594, 0.7914572764892303, 0.7853597917449158, 0.7877652835484984, 0.7816646467832974], "recall": [0.8282051175871139, 0.8076922973372783, 0.8115384511341225, 0.808974348602893, 0.8307692201183433], "f1": [0.8019813389714568, 0.7994873761875673, 0.7982295436419306, 0.7982239598226475, 0.805464230206102]}, "triplet_extraction": {"precision": [0.6080760022793824, 0.6298619745312174, 0.6288265225914984, 0.609058395601211, 0.585869558849244], "recall": [0.622871038651204, 0.6107055886775477, 0.5997566837012569, 0.6216544936538383, 0.655717753580076], "f1": [0.6153796087510882, 0.6201308799213852, 0.6139426913337547, 0.6152869859311209, 0.6188239410214503]}}