{"aspect_extraction": {"precision": [0.7579787032452473], "recall": [0.7938718441818429], "f1": [0.7755051856863281]}, "opinion_extraction": {"precision": [0.772117941766275], "recall": [0.7578947168975075], "f1": [0.7649352191914558]}, "triplet_extraction": {"precision": [0.6206896373365047], "recall": [0.5230024086440095], "f1": [0.56766913461113]}}