{"aspect_extraction": {"precision": [0.6193655990089216, 0.6208955131209625, 0.6462450465168963, 0.5646731493091356, 0.6269315534893697], "recall": [0.6999999867924531, 0.784905645567818, 0.6169811204343185, 0.7660377213955147, 0.5358490464934142], "f1": [0.6572137847504699, 0.6933283898684137, 0.6312691218102549, 0.6501152001936327, 0.5778180098099993]}, "opinion_extraction": {"precision": [0.5966257577204639, 0.6595744563905238, 0.6888453876938281, 0.639865985931893, 0.7044967729229813], "recall": [0.729831130772399, 0.6979361970368444, 0.6604127455832506, 0.7166979227636413, 0.6172607764116177], "f1": [0.6565351237674839, 0.6782083006893653, 0.6743244912548739, 0.6761011987993671, 0.6579950086576627]}, "triplet_extraction": {"precision": [0.34673365962980757, 0.34999999027777806, 0.34448159383004706, 0.332053736428911, 0.2755632534564428], "recall": [0.22366288130206027, 0.20421393510188113, 0.1669367882182044, 0.28038897438591615, 0.2576985371523738], "f1": [0.27191640976106457, 0.25792778704485875, 0.22488642747578502, 0.3040372095812746, 0.2663266595354765]}}