{"aspect_extraction": {"precision": [0.8765431738048076, 0.8148147846364895, 0.8167938619544328, 0.8206106557018834, 0.8264462468410642], "recall": [0.7447552187148525, 0.7692307423345895, 0.7482517220891007, 0.7517482254633489, 0.6993006748496268], "f1": [0.8052880082924684, 0.7913618821804963, 0.7810168789279389, 0.7846665138310885, 0.7575707636344698]}, "opinion_extraction": {"precision": [0.738505725905008, 0.7449856520061419, 0.73259050884149, 0.7592592358253323, 0.7184210337257623], "recall": [0.6853333150577783, 0.6933333148444449, 0.7013333146311117, 0.6559999825066671, 0.7279999805866673], "f1": [0.7109216816712498, 0.7182270308411646, 0.7166162362902264, 0.703857667457024, 0.7231737890438209]}, "triplet_extraction": {"precision": [0.649831627951797, 0.6207950880490799, 0.6220237910111968, 0.62460565852979, 0.6406779443837985], "recall": [0.5132978586888868, 0.5398936026624043, 0.5558510490465147, 0.5265957306756455, 0.5026595610994798], "f1": [0.573546314895271, 0.577519901218281, 0.5870736510175703, 0.5714235912218588, 0.5633333571562807]}}