{"aspect_extraction": {"precision": [0.7433154980840174, 0.7374005207241311, 0.7479563930796131], "recall": [0.8298507338828249, 0.8298507338828249, 0.8194029728447317], "f1": [0.784198107061791, 0.7808938828669764, 0.7820462813323106]}, "opinion_extraction": {"precision": [0.6868008871722496, 0.6974415940217843, 0.7023945187868356], "recall": [0.7871794770874426, 0.803846143540434, 0.789743579618672], "f1": [0.733567296417132, 0.7468681550262708, 0.7435073799497631]}, "triplet_extraction": {"precision": [0.5973557620510125, 0.5624999937220982, 0.522198725980986], "recall": [0.6046228636907195, 0.6131386786722789, 0.6009732286986226], "f1": [0.6009623448317719, 0.5867237568541858, 0.5588185477296432]}}