{"aspect_extraction": {"precision": [0.7859195289379378, 0.8107692182958582, 0.7859154818885143, 0.7973760816709027, 0.8168168045523002], "recall": [0.8506998312488363, 0.8195956326656978, 0.8678071404695624, 0.8506998312488363, 0.8460342014613654], "f1": [0.8170226282221519, 0.8151535335854319, 0.824828702980927, 0.8231703126660115, 0.8311638200432373]}, "opinion_extraction": {"precision": [0.7994722849673841, 0.7973509828165433, 0.7840199652431965, 0.8175765536940539, 0.7930591157704484], "recall": [0.8211382002555799, 0.8157181461284805, 0.8509484979546275, 0.831978308509779, 0.8360433491051037], "f1": [0.8101554179009604, 0.8064249965743616, 0.8161093577774111, 0.824709562873293, 0.8139791616384284]}, "triplet_extraction": {"precision": [0.6746987861486107, 0.6952247093367316, 0.6968011029652141, 0.7014084408252332, 0.7165697570266024], "recall": [0.6387832618658649, 0.6273764179039745, 0.6349809805452348, 0.6311786992246046, 0.624841563690221], "f1": [0.6562449952315195, 0.6595552975453397, 0.6644512354204595, 0.6644379670343157, 0.6675644118051756]}}