{"aspect_extraction": {"precision": [0.7297872262788593], "recall": [0.812796198900519], "f1": [0.7690533018531879]}, "opinion_extraction": {"precision": [0.8062499899218751], "recall": [0.7561547390837663], "f1": [0.7803942697770911]}, "triplet_extraction": {"precision": [0.5818398974690574], "recall": [0.5005138694705666], "f1": [0.5381165692898519]}}