{"aspect_extraction": {"precision": [0.6690140688024867, 0.5949119257355788, 0.6749999831250004, 0.6106382848800366, 0.5904365781614017], "recall": [0.7421874806722011, 0.7916666460503479, 0.7031249816894537, 0.7473958138699007, 0.7395833140733512], "f1": [0.7036986998067115, 0.6793246944705844, 0.6887704947520096, 0.6721261825416938, 0.6566424465739217]}, "opinion_extraction": {"precision": [0.7439613346869244, 0.7084233108331899, 0.7706185368397285, 0.7458432126878097, 0.7231121115992653], "recall": [0.7247058653010385, 0.7717646877231839, 0.703529395211073, 0.7388235120276821, 0.7435293942698966], "f1": [0.7342023731412483, 0.7387337312903117, 0.7355423477687638, 0.7423117674665695, 0.7331736382843098]}, "triplet_extraction": {"precision": [0.2974137866936684, 0.32224531554583546, 0.28318583569582595, 0.300639652438387, 0.3560371406799647], "recall": [0.30941703342114274, 0.34753362449476183, 0.358744386575238, 0.3161434906694285, 0.25784752785095233], "f1": [0.3032916986694889, 0.334407081972164, 0.3165133618020824, 0.30819171781519467, 0.2990848471355546]}}