{"aspect_extraction": {"precision": [0.711111103586126, 0.7422324425519857, 0.7306843186458685, 0.7359999915885715, 0.7323008768550788], "recall": [0.7999999904761906, 0.7678571337159865, 0.7880952287131521, 0.7666666575396827, 0.7880952287131521], "f1": [0.7529361853682838, 0.7548223770746197, 0.7582996949401665, 0.7510154015207355, 0.7591693099867597]}, "opinion_extraction": {"precision": [0.7382319088607129, 0.737875280163103, 0.7594167586948146, 0.7136611943862164, 0.750588226463668], "recall": [0.7967781809568999, 0.7918215515263749, 0.7744733485195372, 0.8091697545332125, 0.7905823941687435], "f1": [0.7663835559784341, 0.7638921877944642, 0.7668661567490677, 0.7584154522389681, 0.7700613791380532]}, "triplet_extraction": {"precision": [0.5701558956552796, 0.5963718753245819, 0.5805714219363266, 0.5670665150810631, 0.59610704870916], "recall": [0.5464247540402908, 0.56136605590858, 0.542155810649351, 0.5549626408221703, 0.522945565390122], "f1": [0.5580331433601002, 0.5783347453692683, 0.560701401475462, 0.5609442933885495, 0.5571297507265168]}}