{"aspect_extraction": {"precision": [0.7060439366471446, 0.638949657791036, 0.622222208395062, 0.6502145783215756, 0.6681922043891945], "recall": [0.6871657570276536, 0.7807486422259722, 0.7486630815865487, 0.8101604061454437, 0.7807486422259722], "f1": [0.696471946848846, 0.7027627826999737, 0.6796066765608095, 0.7214236142628493, 0.7200936560981918]}, "opinion_extraction": {"precision": [0.6448801602422624, 0.6137667186660284, 0.7326203012668369, 0.6724890682862649, 0.6201550267411817], "recall": [0.7167070044380871, 0.7772396906237363, 0.6634382405947158, 0.7457626938071987, 0.7748183831763104], "f1": [0.678894080948369, 0.6858924903333128, 0.6963101153304865, 0.7072280625838492, 0.688907856139571]}, "triplet_extraction": {"precision": [0.30964466219175985, 0.2142857118169849, 0.2918454872994531, 0.3187772856162165, 0.277870211682692], "recall": [0.2817551897978016, 0.4295611910032058, 0.3140877525614838, 0.3371824402498282, 0.38568128439535143], "f1": [0.2950373257131853, 0.2859294516526451, 0.30255339830883593, 0.3277166577112494, 0.32301253394119284]}}