{"aspect_extraction": {"precision": [0.7167689088264938, 0.7217573146259695, 0.7562499905468751, 0.7826086850189038, 0.7566627954036756], "recall": [0.8151162695916713, 0.8023255720659818, 0.703488363912926, 0.6697674340724717, 0.7593023167522986], "f1": [0.7627806489021539, 0.7599068999094829, 0.7289106604348463, 0.721799532449215, 0.7579752582259663]}, "opinion_extraction": {"precision": [0.8050749618791816, 0.7724288755751765, 0.7770562686465772, 0.7731733830624495, 0.7898304995499379], "recall": [0.776418233855192, 0.7853170101744493, 0.7986651746533351, 0.7886540512941708, 0.7775305808950992], "f1": [0.7904819689384386, 0.7788146277453473, 0.7877075540415751, 0.7808319963289986, 0.7836272785502179]}, "triplet_extraction": {"precision": [0.5963511904634984, 0.5937136135772572, 0.637997424415951, 0.578886304189254, 0.5767543796408511], "recall": [0.52299999477, 0.5099999949, 0.4969999950300001, 0.4989999950100001, 0.52599999474], "f1": [0.5572672585184065, 0.5486771100496959, 0.5587359365785715, 0.5359778359316868, 0.5502042099023897]}}