{"aspect_extraction": {"precision": [0.7100976967394887, 0.7370241959507199, 0.7455830125235685], "recall": [0.7813619791626532, 0.7634408328515832, 0.7562723743271551], "f1": [0.7440222898096825, 0.7499949751746544, 0.7508846532798306]}, "opinion_extraction": {"precision": [0.5717646924290661, 0.5969387602821745, 0.5785714147959188], "recall": [0.6942856944489803, 0.6685714094693883, 0.6942856944489803], "f1": [0.6270918048757493, 0.6307227618618045, 0.6311638561361047]}, "triplet_extraction": {"precision": [0.4432989576469341, 0.4431554421541661, 0.46399998762666705], "recall": [0.49142855738775554, 0.5457142701224494, 0.497142842938776], "f1": [0.4661196619242223, 0.48911155859228345, 0.47999499275588303]}}