{"aspect_extraction": {"precision": [0.6192170763414852, 0.6708253294546513, 0.7159329065415838, 0.7178378300774289, 0.68199999318], "recall": [0.8246445399923633, 0.8281990423199166, 0.8092416965729657, 0.7867298484984615, 0.8080568624637813], "f1": [0.7073121672293786, 0.7412463728374538, 0.7597280470036485, 0.7507016159349389, 0.7396913401597023]}, "opinion_extraction": {"precision": [0.6844221036741497, 0.7292576339600695, 0.6691588722508517, 0.7179775200227245, 0.7194570054360068], "recall": [0.7983587245209998, 0.7831183964464432, 0.8393903770294212, 0.749120741510894, 0.745603742724458], "f1": [0.7370080085919716, 0.7552239407416806, 0.7446648427487385, 0.7332135825141373, 0.7322920570982061]}, "triplet_extraction": {"precision": [0.29429611471907696, 0.40514075391504584, 0.4189031456370695, 0.33899820805905, 0.35373443616458056], "recall": [0.4984583710333158, 0.34018499136500524, 0.3689619694865163, 0.38951695385902413, 0.3504624835512592], "f1": [0.37008308162311543, 0.3698274361453477, 0.3923447426413665, 0.3625009986454743, 0.3520858587014955]}}