{"aspect_extraction": {"precision": [0.7769783893173242], "recall": [0.7741935206382251], "f1": [0.7755784551440962]}, "opinion_extraction": {"precision": [0.639204527295326], "recall": [0.6428571244897965], "f1": [0.6410206228423859]}, "triplet_extraction": {"precision": [0.5274725081511902], "recall": [0.41142855967346975], "f1": [0.4622743553312215]}}