{"aspect_extraction": {"precision": [0.5972850611166849, 0.609248547869959, 0.6269841198754635, 0.6081081012600439, 0.6040955562673999], "recall": [0.625592409649379, 0.6244075755401947, 0.6552132623789898, 0.6398104189595922, 0.6291469119769323], "f1": [0.6111061067581145, 0.6167299262871764, 0.6407829440524893, 0.6235515780526172, 0.616361797038501]}, "opinion_extraction": {"precision": [0.6438188415689249, 0.6307884777122844, 0.6187576051308452, 0.633059781558502, 0.630071591526592], "recall": [0.6166471205551334, 0.5908557961212685, 0.5955451278365167, 0.633059781558502, 0.6189917864127575], "f1": [0.6299351145794319, 0.6101644895216809, 0.6069245047723147, 0.6330547815979923, 0.624477547748859]}, "triplet_extraction": {"precision": [0.35343787269676874, 0.3402061816700323, 0.3044806486305433, 0.3601756901877644, 0.37647058331411004], "recall": [0.3011305210572403, 0.30524151793174187, 0.30729701636899265, 0.2528263077818468, 0.29599177496411333], "f1": [0.3251892570304951, 0.3217718259981763, 0.30587734999963606, 0.2970965991026656, 0.3314104878964124]}}