{"aspect_extraction": {"precision": [0.48987107753460263, 0.5111561762442967, 0.49498997004028117, 0.4715596243750528, 0.46969696080119394], "recall": [0.5225933099686972, 0.4950883989177132, 0.4852652163995046, 0.5049115814359219, 0.48722985290314635], "f1": [0.5056984177111461, 0.5029890032608193, 0.49007435589866494, 0.4876610307861416, 0.4782977890344332]}, "opinion_extraction": {"precision": [0.4536489062396666, 0.4759999904800002, 0.4718875407251498, 0.4556451521039284, 0.47560974643069626], "recall": [0.4563491972946588, 0.4722222128527339, 0.46626983201845573, 0.44841268951562124, 0.4642857050736964], "f1": [0.45499004549966166, 0.4740985763451689, 0.46905686711756833, 0.45199499133530224, 0.46987450941594155]}, "triplet_extraction": {"precision": [0.19140082952287338, 0.22328243848697638, 0.20377358106087584, 0.1914893579982716, 0.20080320881921268], "recall": [0.23389830112036777, 0.19830508138465966, 0.18305084435507044, 0.16779660732548124, 0.16949152255099115], "f1": [0.21052136261792082, 0.2100488738615278, 0.19285215389163796, 0.1788568072680236, 0.1838185619176861]}}