{"aspect_extraction": {"precision": [0.5212355111730597, 0.4637681084739435, 0.5009276344911385, 0.5196850291400585, 0.477663222033278], "recall": [0.5283757235151522, 0.5636007717494957, 0.5283757235151522, 0.516634040770371, 0.5440313005081937], "f1": [0.5247763311870592, 0.5088289605327924, 0.514280708093893, 0.5181500438961957, 0.5086866861297469]}, "opinion_extraction": {"precision": [0.44337811049178294, 0.46336632745809253, 0.4401544316572504, 0.43680296585868095, 0.4278846085274903], "recall": [0.4647887230424804, 0.47082494022485033, 0.45875250586011057, 0.4728370126189736, 0.537223329230919], "f1": [0.4538260351753154, 0.4670608593130433, 0.4492560770873152, 0.4541012793192734, 0.47635544823403403]}, "triplet_extraction": {"precision": [0.194690261179419, 0.22849461751358557, 0.19999999569892485, 0.17719568293997406, 0.23563217713700643], "recall": [0.15411558399097053, 0.14886164362764198, 0.16287215126318474, 0.2014010472609274, 0.14360770326431344], "f1": [0.17203807518757638, 0.18027093476919032, 0.17953172855049743, 0.18851960764294437, 0.1784501328675836]}}