{"aspect_extraction": {"precision": [0.6824712545621946, 0.6686131289253558, 0.6734693779377642, 0.7055117999132, 0.6789396070848365], "recall": [0.7387247163495378, 0.7122861475538702, 0.7185069872704979, 0.696734048262301, 0.716951777341341], "f1": [0.709479687338694, 0.6897540307939923, 0.6952545884867223, 0.7010904509186618, 0.6974231323755063]}, "opinion_extraction": {"precision": [0.6610407783257275, 0.6511936253157344, 0.6405594316005674, 0.6501377320917668, 0.6737891641910376], "recall": [0.6368563599341956, 0.6653116441014683, 0.6205961975528971, 0.6395663869977455, 0.6409214005295203], "f1": [0.6487182502393817, 0.6581719354899654, 0.6304148136748564, 0.6448037347352332, 0.6569394384832232]}, "triplet_extraction": {"precision": [0.39444443896604947, 0.4301675917574359, 0.45799010777611027, 0.48301885881096496, 0.44528874703208593], "recall": [0.35994929835298733, 0.39036754891802855, 0.3523447357117271, 0.3244613393604393, 0.3713561423148778], "f1": [0.3764032228939609, 0.40929733196662044, 0.3982758816318204, 0.38816804518756476, 0.4049708474684851]}}