{"aspect_extraction": {"precision": [0.7372262504661953], "recall": [0.7062936815981231], "f1": [0.7214235479938058]}, "opinion_extraction": {"precision": [0.6167978840735464], "recall": [0.6266666499555561], "f1": [0.6216881056013623]}, "triplet_extraction": {"precision": [0.42565596426658997], "recall": [0.38829786201335476], "f1": [0.40611460986745374]}}