{"aspect_extraction": {"precision": [0.41071428082483], "recall": [0.13377277962864373], "f1": [0.20180968813076489]}, "opinion_extraction": {"precision": [0.5693199759129153], "recall": [0.3576158928555765], "f1": [0.439287510450002]}, "triplet_extraction": {"precision": [0.18944843670387443], "recall": [0.02469521717819563], "f1": [0.0436926496808517]}}