{"aspect_extraction": {"precision": [0.6576576428455486, 0.6158536460192349, 0.5875706104035667, 0.6259541865275919, 0.5725338380554383], "recall": [0.6020618432564568, 0.6247422551599535, 0.643298955808269, 0.6762886458497187, 0.6103092657668193], "f1": [0.6286279348885954, 0.6202611083775019, 0.6141682265463659, 0.6501436566629087, 0.5908133566224804]}, "opinion_extraction": {"precision": [0.617647046712803, 0.6088560773273787, 0.6079854699095196, 0.6623853089470586, 0.6112115621842394], "recall": [0.6034482643017575, 0.6321838959351744, 0.6417624398129801, 0.6915708679775696, 0.6475095661396635], "f1": [0.6104601051653328, 0.6202957420268197, 0.6244125130228011, 0.6766585323196126, 0.6288322018006414]}, "triplet_extraction": {"precision": [0.3658536511005356, 0.3268365768090468, 0.3629893173845317, 0.3127962035893175, 0.3101265773714149], "recall": [0.3254972816365772, 0.39421337442652127, 0.36889691918812084, 0.3580470098002349, 0.3544303733376063], "f1": [0.3444926181714767, 0.3573720870480422, 0.36591427634171314, 0.33389046407380546, 0.3307967044776864]}}