{"aspect_extraction": {"precision": [0.5332103222654923, 0.5235507151530667, 0.5308641881681802, 0.49759228735806926, 0.5008129999867805], "recall": [0.5452830085795659, 0.5452830085795659, 0.5679245175863299, 0.5849056493414029, 0.5811320645069422], "f1": [0.5391740950911867, 0.5341909256961875, 0.5487643667403999, 0.5377226902036946, 0.5379862845790515]}, "opinion_extraction": {"precision": [0.5681341599971874, 0.5036900276071951, 0.4760147513650415, 0.5411089762694269, 0.5527950196108692], "recall": [0.5084427671961957, 0.5121951123415551, 0.4840525237513598, 0.530956838068352, 0.500938076905477], "f1": [0.5366286681572694, 0.507901967694428, 0.47999499147230285, 0.5359798388286307, 0.5255855529915655]}, "triplet_extraction": {"precision": [0.22425248796922778, 0.22868216611081074, 0.24212597948570908, 0.21438645677875237, 0.22528362681874187], "recall": [0.2188006447520155, 0.19124797096842835, 0.19935169855183635, 0.24635331853560263, 0.22528362681874187], "f1": [0.22148802430727757, 0.20829159398547903, 0.2186617098287319, 0.2292559558623824, 0.22527862692971062]}}