{"aspect_extraction": {"precision": [0.6060605938169578, 0.5959999880800003, 0.5762376123517304, 0.6347825948960306, 0.5919999881600002], "recall": [0.6237006107338751, 0.6195426066623159, 0.6049895924118588, 0.6070685944476384, 0.6153846025907568], "f1": [0.6147490868326748, 0.6075383126701629, 0.5902586827153448, 0.6206113549083874, 0.6034608407861894]}, "opinion_extraction": {"precision": [0.6048109861716325, 0.6680327731960498, 0.665263143889197, 0.64891517457761, 0.6708333193576392], "recall": [0.6956521601649771, 0.6442687619709732, 0.6245059165117408, 0.6501976156087428, 0.6363636237872802], "f1": [0.6470538360703743, 0.6559306021618978, 0.6442355627433677, 0.6495507621449244, 0.6531390064937115]}, "triplet_extraction": {"precision": [0.33333332716049396, 0.3596287619575694, 0.3551198179712458, 0.3634361153428169, 0.36105475941065396], "recall": [0.3260869506143669, 0.28079709636237143, 0.29528984972301, 0.2989130380631696, 0.3224637622742072], "f1": [0.3296653243120174, 0.31535620878877235, 0.32244805282144434, 0.32802685014729677, 0.34066486595052886]}}