{"aspect_extraction": {"precision": [0.7152317643962992, 0.7440944588939189, 0.7462686288705737, 0.7249999741071439, 0.6750788430574498], "recall": [0.755244728837597, 0.6608391377328974, 0.6993006748496268, 0.7097901849723712, 0.7482517220891007], "f1": [0.7346888562975717, 0.6999949916678365, 0.7220166398969251, 0.7173094628824271, 0.7097794009849574]}, "opinion_extraction": {"precision": [0.5746031563618046, 0.5227817620436028, 0.5855855680004335, 0.583072082035358, 0.5999999815384621], "recall": [0.48266665379555596, 0.5813333178311115, 0.5199999861333338, 0.49599998677333373, 0.5199999861333338], "f1": [0.5246327038066462, 0.55050005070963, 0.5508424597070393, 0.5360180719094315, 0.5571378667791075]}, "triplet_extraction": {"precision": [0.41832667656069017, 0.4280155475480332, 0.45914395100607197, 0.4686192272544256, 0.36893202689540366], "recall": [0.27925531172193324, 0.29255318370869193, 0.3138297788875059, 0.29787233250339545, 0.3031914812980989], "f1": [0.33492341777648765, 0.3475465086059671, 0.3728229690982234, 0.3642228786131057, 0.33284175351818535]}}