{"aspect_extraction": {"precision": [0.601522827372517, 0.6289473518698065, 0.5764410883097472, 0.6155843995952104, 0.6256684324687586], "recall": [0.6171874839274093, 0.6223958171251089, 0.5989583177354605, 0.6171874839274093, 0.6093749841308598], "f1": [0.6092494839196623, 0.6256494340604051, 0.5874790226314129, 0.6163798994928394, 0.6174092326411972]}, "opinion_extraction": {"precision": [0.6273584757698473, 0.6657458379628222, 0.6629834070999059, 0.6322417976765291, 0.5942982325811792], "recall": [0.6258823382145332, 0.5670588101868516, 0.5647058690657443, 0.5905882213979242, 0.6376470438200696], "f1": [0.6266145377000828, 0.612447367215599, 0.6099060712193577, 0.6107005870904088, 0.6152049809143493]}, "triplet_extraction": {"precision": [0.3880596870126983, 0.3109919487669719, 0.32624112703921687, 0.33130698081133797, 0.2878048710291495], "recall": [0.2331838512739047, 0.26008968026704754, 0.30941703342114274, 0.24439461335438087, 0.264573985099238], "f1": [0.2913118292777324, 0.2832673161651594, 0.31760144046018984, 0.28128542936269957, 0.27569593707175133]}}