{"aspect_extraction": {"precision": [0.6982248382993129], "recall": [0.7268993690575078], "f1": [0.7122686295789332]}, "opinion_extraction": {"precision": [0.7547892575710871], "recall": [0.7392119936357975], "f1": [0.7469144176970379]}, "triplet_extraction": {"precision": [0.4006259718211898], "recall": [0.45149911020283756], "f1": [0.4245389577712845]}}