{"aspect_extraction": {"precision": [0.703825128919944], "recall": [0.7540983518255463], "f1": [0.7280899666568332]}, "opinion_extraction": {"precision": [0.7600472723398668], "recall": [0.729852432124263], "f1": [0.744638884604324]}, "triplet_extraction": {"precision": [0.5073891563129415], "recall": [0.4136546143207368], "f1": [0.4557472591871705]}}