{"aspect_extraction": {"precision": [0.625490183813918, 0.6338028041488369, 0.6030828400176717, 0.6290630854863655, 0.6034816130854621], "recall": [0.6470588104044867, 0.6389452203053708, 0.6348884252558129, 0.6673427856522762, 0.632860027731034], "f1": [0.636086713617389, 0.6363586236287141, 0.6185720662146498, 0.647632786924733, 0.6178167728077946]}, "opinion_extraction": {"precision": [0.6492985841823932, 0.630831630206255, 0.6499999870000003, 0.656378587317313, 0.6432865602547784], "recall": [0.5999999888888892, 0.5759259152606312, 0.6018518407064474, 0.5907407298010976, 0.5944444334362142], "f1": [0.623671607947541, 0.602124717998331, 0.6249949954171002, 0.6218273604433716, 0.6178968246134541]}, "triplet_extraction": {"precision": [0.3130590283889262, 0.3315789415512467, 0.3686635859754934, 0.32699619150197357, 0.3416148997595259], "recall": [0.30434782079395095, 0.328695646457467, 0.278260864725898, 0.29913042958034036, 0.28695651674858236], "f1": [0.3086369709415559, 0.33012599877140064, 0.3171407802298095, 0.31243823773170293, 0.3119042947498439]}}