{"aspect_extraction": {"precision": [0.7121951045806072], "recall": [0.7604166468641499], "f1": [0.7355113596643947]}, "opinion_extraction": {"precision": [0.7686566972970972], "recall": [0.7270588064221458], "f1": [0.7472743086824003]}, "triplet_extraction": {"precision": [0.44109587832614033], "recall": [0.3609865389913332], "f1": [0.3970357306526474]}}