{"aspect_extraction": {"precision": [0.7040498332702518, 0.7001594784663561, 0.7160686315745923, 0.7107437899050614, 0.7256778193671799], "recall": [0.7106918127249715, 0.6902515614740321, 0.7216981018600928, 0.6761006183003048, 0.7154087937828806], "f1": [0.7073502316423367, 0.6951652188936471, 0.7188673459395826, 0.6929845165647065, 0.720501718887054]}, "opinion_extraction": {"precision": [0.6584415498903695, 0.6594594505478453, 0.6534391447957786, 0.6706989157164125, 0.683473379783286], "recall": [0.6592977807633579, 0.6345903688609835, 0.6423927094617333, 0.6488946599623582, 0.6345903688609835], "f1": [0.6588643871892502, 0.6467809442738092, 0.6478638443643011, 0.6596116483347073, 0.6581204194825296]}, "triplet_extraction": {"precision": [0.4863481145674383, 0.48154092324974446, 0.4398907043730778, 0.40914709012179123, 0.4052697565210821], "recall": [0.3527227679118469, 0.3712871241177336, 0.3985148465530341, 0.4096534602765661, 0.3997524703000932], "f1": [0.4088903864239094, 0.41928228950450985, 0.4181768249878092, 0.4093951186851148, 0.4024872071194914]}}