{"aspect_extraction": {"precision": [0.6112759462529394, 0.5475112998300611, 0.5392156730584394, 0.5989583177354605, 0.5393258305769476], "recall": [0.5738161400051215, 0.6740946887438806, 0.6128133534035278, 0.6406685058309609, 0.668523658258394], "f1": [0.5919490110161875, 0.6042397327715775, 0.5736586300023082, 0.6191066983225066, 0.5970099677706786]}, "opinion_extraction": {"precision": [0.6287262702242203, 0.6186666501688893, 0.5969773149375992, 0.6434540210737042, 0.6237113241311515], "recall": [0.6105262997229921, 0.6105262997229921, 0.6236841941135739, 0.6078947208448758, 0.6368420885041556], "f1": [0.619487641452742, 0.6145645204038173, 0.6100335967706004, 0.6251641346547809, 0.6302033175038536]}, "triplet_extraction": {"precision": [0.33569739159107825, 0.3274111592027625, 0.32717677237000603, 0.29801323845445393, 0.2614107829582825], "recall": [0.34382565753448774, 0.31234866071795014, 0.3002421234808203, 0.32687650540250596, 0.30508473837567224], "f1": [0.33970791132216743, 0.3196975971569538, 0.31312631451812095, 0.31177329453978353, 0.2815592693240257]}}