{"aspect_extraction": {"precision": [0.6349614314272309, 0.5907553484695001, 0.6109785129954831, 0.5844155780907405, 0.60770155706737], "recall": [0.5880952310941044, 0.62380951638322, 0.6095238022675739, 0.6428571352040817, 0.6011904690334469], "f1": [0.6106254077455517, 0.606827654504848, 0.6102452907483044, 0.6122399023961479, 0.6044234788886359]}, "opinion_extraction": {"precision": [0.62102688727351, 0.5840092632212136, 0.622664998472416, 0.578299769817676, 0.6140350805376014], "recall": [0.6294919376766799, 0.6245353082461548, 0.6195786788156298, 0.6406443538953612, 0.6505576127564112], "f1": [0.625225761804715, 0.6035878128062144, 0.6211130047777208, 0.6078727249622062, 0.6317639496761049]}, "triplet_extraction": {"precision": [0.4115898898723642, 0.38840579147237986, 0.33757225043269073, 0.3492462267682635, 0.35723771105926017], "recall": [0.2956243298225792, 0.2860192071929647, 0.31163286753860336, 0.29669156567031413, 0.28708644304069963], "f1": [0.34409450911551365, 0.32943579964244946, 0.32407935518362485, 0.3208259584978104, 0.3183382508452088]}}