{"aspect_extraction": {"precision": [0.7915492846260664, 0.8051208989314239, 0.8062677947825101], "recall": [0.8659475983675254, 0.8721109264697855, 0.8721109264697855], "f1": [0.8270737322954755, 0.8372731021292169, 0.8378928487625692]}, "opinion_extraction": {"precision": [0.7163531010658017, 0.7357142752040818, 0.757754789398009], "recall": [0.705128195083644, 0.7336182231678317, 0.7307692203594128], "f1": [0.7106913289801742, 0.7346597541859334, 0.7440123948020975]}, "triplet_extraction": {"precision": [0.5207006286512639, 0.5147265004947195, 0.4475138059735662], "recall": [0.43311257704486655, 0.48609270879347405, 0.42913906716372097], "f1": [0.47288006791455217, 0.4999949973306903, 0.43812887056825983]}}