{"aspect_extraction": {"precision": [0.5848837141292591, 0.582677158800032, 0.5726681065871139, 0.5771889334425239, 0.5817575018714405], "recall": [0.5848837141292591, 0.6023255743915631, 0.6139534812330991, 0.5825581327609519, 0.608139527812331], "f1": [0.5848787141720023, 0.5923334737742927, 0.5925875920363511, 0.5798561045500346, 0.5946510503150853]}, "opinion_extraction": {"precision": [0.6398996155596033, 0.6381182070190807, 0.60485650546516, 0.6081229351468393, 0.6334841557298173], "recall": [0.5672969903526475, 0.5884315841108834, 0.6095661778691193, 0.6162402601085621, 0.6229143423480051], "f1": [0.601410105373737, 0.6122635196777751, 0.6071972094548495, 0.6121496896290654, 0.6281497886364635]}, "triplet_extraction": {"precision": [0.3753462551891101, 0.32793958653786853, 0.3539325802928924, 0.3337041119721456, 0.345433251224435], "recall": [0.27099999729, 0.30399999696, 0.31499999685, 0.299999997, 0.29499999705], "f1": [0.31474541709441567, 0.3155113506326473, 0.33332834681730367, 0.3159507770875011, 0.3182258798628605]}}