{"aspect_extraction": {"precision": [0.6461793912594785], "recall": [0.7339622503025991], "f1": [0.6872741600642993]}, "opinion_extraction": {"precision": [0.6938325838362868], "recall": [0.5909943603941021], "f1": [0.6382928914774196]}, "triplet_extraction": {"precision": [0.29002624291304147], "recall": [0.3581847591866328], "f1": [0.3205171681852973]}}