{"aspect_extraction": {"precision": [0.39836845412393984], "recall": [0.28725490055267205], "f1": [0.33380316138985977]}, "opinion_extraction": {"precision": [0.579063357691111], "recall": [0.5136852369810105], "f1": [0.5444135595416273]}, "triplet_extraction": {"precision": [0.17295258527503996], "recall": [0.13665389469283143], "f1": [0.1526704546055223]}}