{"aspect_extraction": {"precision": [0.7924528002848, 0.7412587153406044, 0.7908744946435554, 0.7047618823885117, 0.80952377739985], "recall": [0.7291666413483806, 0.7361110855516985, 0.7222221971450626, 0.7708333065682881, 0.7083333087384268], "f1": [0.7594886520999431, 0.7386709325448617, 0.7549859085115392, 0.7363133935966822, 0.7555505498270326]}, "opinion_extraction": {"precision": [0.5576323813821689, 0.5307917732905638, 0.5149700444619748, 0.5477706831920165, 0.5353845989112431], "recall": [0.5128939681119207, 0.5186246269735064, 0.4928366620963707, 0.4928366620963707, 0.4985673209579565], "f1": [0.534323351037936, 0.5246326666722977, 0.5036553098210944, 0.5188486936546061, 0.5163154658444203]}, "triplet_extraction": {"precision": [0.5624999680397745, 0.497777755654322, 0.44604314942290835, 0.46025102676773944, 0.46351929341118914], "recall": [0.27731091660193513, 0.31372548140824985, 0.34733892584484805, 0.3081232406688168, 0.30252099992938375], "f1": [0.3714777390710343, 0.3848749691187826, 0.39054624625213313, 0.3691227004476259, 0.3660969034234754]}}