{"aspect_extraction": {"precision": [0.6580644949011454, 0.7107142603316337, 0.633522709274923, 0.6862068728894183, 0.6941580517471461], "recall": [0.7083333087384268, 0.6909721982301321, 0.774305528669947, 0.6909721982301321, 0.701388864535109], "f1": [0.6822692314769072, 0.7006992017069603, 0.6968700282578142, 0.6885762911487211, 0.697749725636217]}, "opinion_extraction": {"precision": [0.4376470485259518, 0.4567307582516645, 0.5055865780562409, 0.4973261899110645, 0.4593908512844962], "recall": [0.515235442791262, 0.5263157748942999, 0.5013850276624646, 0.515235442791262, 0.5013850276624646], "f1": [0.4732774639075053, 0.4890555015752968, 0.5034720375921368, 0.5061174368210796, 0.4794651955784532]}, "triplet_extraction": {"precision": [0.33050846523987387, 0.4191176316500871, 0.35654595107114345, 0.37187498837890665, 0.36936935827719647], "recall": [0.3205479364233442, 0.3123287585663354, 0.35068492189904327, 0.32602738832801675, 0.33698629213736186], "f1": [0.3254470088840201, 0.35792288190360344, 0.35358615086737166, 0.3474402669795318, 0.3524305305671014]}}