{"aspect_extraction": {"precision": [0.6440677875131668, 0.6774668530564528, 0.6527976950818122, 0.7001594784663561, 0.6599423536031361], "recall": [0.723809512320484, 0.7301587185689092, 0.7222222107583777, 0.6968253857646765, 0.7269841154446967], "f1": [0.6816093566157547, 0.7028215814828284, 0.68575234984708, 0.6984834535489416, 0.6918379015702713]}, "opinion_extraction": {"precision": [0.6015624921671551, 0.5833333261846406, 0.6210106300397523, 0.6280323365494295, 0.6060209344761658], "recall": [0.6302864852621216, 0.6493860757246102, 0.6371077675701533, 0.635743511108547, 0.6316507417237279], "f1": [0.6155846014854842, 0.6145850645627974, 0.6289512213436838, 0.6318593984377238, 0.6185654682022669]}, "triplet_extraction": {"precision": [0.4343283517264425, 0.46793760020905373, 0.41280653388546956, 0.4073550154546674, 0.4016393387754189], "recall": [0.3730769182938857, 0.3461538417159764, 0.3884615334812624, 0.3692307644970415, 0.37692307209072984], "f1": [0.4013743336453977, 0.39793173099584095, 0.40025920018310024, 0.38735210172629025, 0.38888388884806396]}}