{"aspect_extraction": {"precision": [0.7147766077396356, 0.7195571690200308, 0.7018181562975216, 0.7142856874328689, 0.7717842003409046], "recall": [0.7455196865405131, 0.6989247061317311, 0.691756247607303, 0.681003559820661, 0.666666642771805], "f1": [0.7298195380459209, 0.7090858843988787, 0.696745877670149, 0.6972426837156399, 0.7153796146055788]}, "opinion_extraction": {"precision": [0.4969325000940951, 0.4094117550726646, 0.41554958671448833, 0.4659090776730376, 0.4599999868571433], "recall": [0.46285712963265346, 0.497142842938776, 0.442857130204082, 0.4685714151836739, 0.4599999868571433], "f1": [0.4792849330025556, 0.44902729335744423, 0.42876401123797714, 0.46723145401897614, 0.45999498691149054]}, "triplet_extraction": {"precision": [0.3972125297138492, 0.35117055681703824, 0.3733333208888893, 0.4754098100868956, 0.4319065979802881], "recall": [0.32571427640816353, 0.2999999914285717, 0.31999999085714315, 0.248571421469388, 0.31714284808163296], "f1": [0.357922824236914, 0.3235697513352081, 0.3446104036693193, 0.3264495124333686, 0.3657282190588497]}}