{"aspect_extraction": {"precision": [0.7311827844672384], "recall": [0.7555555435626105], "f1": [0.743164388681493]}, "opinion_extraction": {"precision": [0.6765847260467694], "recall": [0.7135061294201074], "f1": [0.6945501072211908]}, "triplet_extraction": {"precision": [0.5160796245623335], "recall": [0.43205127651216313], "f1": [0.47033697274611047]}}