{"aspect_extraction": {"precision": [0.5472102886864745, 0.532945726105703, 0.5242914873625205, 0.5356454617409353, 0.5121457386205316], "recall": [0.5204081526447316, 0.5612244783423577, 0.5285714177842568, 0.5673469271970015, 0.516326520074969], "f1": [0.5334677953847701, 0.5467146744248381, 0.526417753658104, 0.5510356275444807, 0.5142226319558789]}, "opinion_extraction": {"precision": [0.4980237055726541, 0.48455597520162214, 0.49727766792599515, 0.5701754260926442, 0.5161870410757726], "recall": [0.4921874903869631, 0.49023436542511006, 0.5351562395477297, 0.5078124900817873, 0.5605468640518191], "f1": [0.4950833991418961, 0.4873736315339944, 0.5155171043229057, 0.5371850883257157, 0.5374481819888729]}, "triplet_extraction": {"precision": [0.25918366817992516, 0.2566964228415977, 0.2873831708555334, 0.21294718546938357, 0.2552742562178427], "recall": [0.22241680871424155, 0.2014010472609274, 0.21541155489647015, 0.21891418180535585, 0.21190892798758446], "f1": [0.23939182020783853, 0.22570655037282553, 0.24624134386358926, 0.21588446193575725, 0.2315739861229021]}}