{"aspect_extraction": {"precision": [0.5738916114805022, 0.6160220824303293, 0.5212765846536898, 0.619596523930936, 0.5741626656898884], "recall": [0.6229946357488065, 0.5962566685492869, 0.6550801963882301, 0.5748662947896713, 0.6417112127884703], "f1": [0.5974308905742487, 0.6059732457731571, 0.5805637713521195, 0.5963888878748114, 0.6060556062291391]}, "opinion_extraction": {"precision": [0.6116278927528397, 0.6203703560099455, 0.5672877729340006, 0.6363636211396263, 0.6317016169766523], "recall": [0.6368038586730301, 0.64891039591016, 0.6634382405947158, 0.644067781015308, 0.6561743182524379], "f1": [0.6239570276021638, 0.6343145141810341, 0.6116021597631529, 0.6401875239218042, 0.6437004497372427]}, "triplet_extraction": {"precision": [0.3428571330612248, 0.30389609600269885, 0.2799999934117649, 0.30423939390924204, 0.29176469901730123], "recall": [0.2771362522601328, 0.27020784595362946, 0.2748267834912983, 0.2817551897978016, 0.2863741273354705], "f1": [0.30650845839492347, 0.28605857999126233, 0.2773842714481215, 0.2925609476724517, 0.28903928282782126]}}