{"aspect_extraction": {"precision": [0.5855263093692291, 0.5829493020397546, 0.5634249411900112, 0.5772097915100128, 0.551551546030515], "recall": [0.6252927327249095, 0.5925058478629291, 0.6241217725512673, 0.6346604141140467, 0.6451990556768261], "f1": [0.6047515104768205, 0.587683727577569, 0.5922172287456968, 0.6045683453040377, 0.5947063032461104]}, "opinion_extraction": {"precision": [0.6295871487432667, 0.6323353217684393, 0.6124999930397729, 0.6298773619857596, 0.6029578998525836], "recall": [0.6231554980345574, 0.5993189489294104, 0.6118047603654397, 0.6413166783051456, 0.6015890964632339], "f1": [0.6263498133336568, 0.6153796118458162, 0.612147179347935, 0.6355405501006339, 0.6022677204766846]}, "triplet_extraction": {"precision": [0.3609693831509007, 0.3263274300185019, 0.3409801841399355, 0.32232345874346857, 0.37280701209346473], "recall": [0.2841365433319624, 0.29618473598208095, 0.32831324971573045, 0.2841365433319624, 0.25602409381501917], "f1": [0.3179725955188991, 0.31052132432389723, 0.3345218526632925, 0.30202276481526824, 0.30356659748322756]}}