{"aspect_extraction": {"precision": [0.7101449172442766, 0.6911976812236987, 0.6952908490956946, 0.710682482037352, 0.696879633032992], "recall": [0.7313432726665183, 0.7149253624638006, 0.7492537201603923, 0.7149253624638006, 0.699999989552239], "f1": [0.7205832258132255, 0.7028563264356552, 0.7212593644651365, 0.7127926085198726, 0.6984313262195467]}, "opinion_extraction": {"precision": [0.641434254429824, 0.6302414151176441, 0.6301188820327757, 0.6298788609706748, 0.6254776990385007], "recall": [0.6192307612919133, 0.6358974277449048, 0.611538453698225, 0.5999999923076924, 0.6294871714168312], "f1": [0.6301319796710588, 0.6330517884857009, 0.6206846482556737, 0.6145714886833674, 0.6274710304106728]}, "triplet_extraction": {"precision": [0.36582568387814585, 0.4428794922867059, 0.49094566416608326, 0.4167893900325569, 0.46453899885569155], "recall": [0.3880778541596368, 0.3442822342544741, 0.29683697935721437, 0.3442822342544741, 0.31873478930979576], "f1": [0.3766183765990356, 0.38740095958458604, 0.36997255350803954, 0.37707698579213556, 0.37806154592636637]}}