{"aspect_extraction": {"precision": [0.6085918709166618, 0.5714285578231296, 0.6027026864134409, 0.5856777343816436, 0.584615369625247], "recall": [0.6538461370808684, 0.6153845996055232, 0.5717948571334652, 0.5871794721236033, 0.584615369625247], "f1": [0.6304029018808611, 0.5925875848614589, 0.5868370933250902, 0.5864226418836667, 0.5846103696680097]}, "opinion_extraction": {"precision": [0.6560975449732307, 0.6128265887689647, 0.584070783538257, 0.5761589276786109, 0.594786715763348], "recall": [0.6404761752267578, 0.6142856996598643, 0.6285714136054426, 0.6214285566326535, 0.5976190333900231], "f1": [0.6481877562295868, 0.6135502767765837, 0.6054995800428598, 0.597933137817579, 0.5961945108492506]}, "triplet_extraction": {"precision": [0.3023872598836271, 0.2665198179180657, 0.28162290497320036, 0.2767441796106005, 0.24581005128845343], "recall": [0.25054944504286936, 0.2659340600893613, 0.2593406536408648, 0.2615384557903636, 0.2901098837338487], "f1": [0.27403349898593904, 0.2662216169046491, 0.2700178856915023, 0.2689215516776058, 0.2661240611496614]}}