{"aspect_extraction": {"precision": [0.5959595839200085, 0.6080508345751943, 0.5762004055072985, 0.6121076095939998, 0.6183035576271527], "recall": [0.6057494742145899, 0.5893223698291095, 0.5667351012990739, 0.5605749371545188, 0.568788489347259], "f1": [0.6008096520880122, 0.5985351347678104, 0.5714235599844182, 0.5852040003688079, 0.592508365051054]}, "opinion_extraction": {"precision": [0.6396917025107572, 0.6174377114334927, 0.6024305450966919, 0.6365384492973375, 0.6003616527963535], "recall": [0.6228892941296568, 0.6510318827198521, 0.6510318827198521, 0.6210131215569771, 0.6228892941296568], "f1": [0.631173696149846, 0.6337849463082331, 0.6257839953694586, 0.6286749508743879, 0.6114130383587792]}, "triplet_extraction": {"precision": [0.2854864388279675, 0.3618581818616582, 0.28346456134912285, 0.3697916570366756, 0.2944162386731601], "recall": [0.3156966434621403, 0.2610229230860155, 0.25396824948909613, 0.25044091269063645, 0.30687830146599115], "f1": [0.2998275034989768, 0.3032738134221892, 0.26790198691373684, 0.29862819681778374, 0.3005131317555555]}}