{"aspect_extraction": {"precision": [0.5401785593710143, 0.5197215656677131, 0.47619046588332326, 0.49574467030330494, 0.5149425168978732], "recall": [0.4735812040395068, 0.4383561558051633, 0.4305283673086425, 0.45596867992233503, 0.4383561558051633], "f1": [0.5046873990059195, 0.47557889013524773, 0.45220466428309797, 0.47502048330145386, 0.4735679610003994]}, "opinion_extraction": {"precision": [0.5528255392426158, 0.5431754723349451, 0.6089743394559507, 0.5194174631209354, 0.5696594250879435], "recall": [0.4527162886777407, 0.3923541168540419, 0.3822937548834255, 0.43058349234238447, 0.3702213205186857], "f1": [0.497782649214199, 0.45560259599383557, 0.46971094829533244, 0.4708421181209617, 0.4487757020436531]}, "triplet_extraction": {"precision": [0.46961323372302577, 0.33812948423994665, 0.40975607757287424, 0.3516128918834551, 0.43979055289054697], "recall": [0.14886164362764198, 0.1646234647176276, 0.14711033017319913, 0.1908931665342703, 0.14711033017319913], "f1": [0.22606016865199957, 0.2214325750701319, 0.21649095211699804, 0.24744151729504554, 0.22046867866907544]}}