{"aspect_extraction": {"precision": [0.7465437702011086, 0.7677902525868883, 0.7488479176400009, 0.7192600574618057, 0.7347161491843215], "recall": [0.7534883633315307, 0.7151162707544619, 0.7558139446998379, 0.7686046422255275, 0.7825581304353706], "f1": [0.7499949914599436, 0.7405127578110813, 0.752309806247864, 0.7431091062287923, 0.757877879352274]}, "opinion_extraction": {"precision": [0.7887323851087749, 0.7817745709619356, 0.7667044080780928, 0.7624999913352274, 0.7542087457440096], "recall": [0.7474972108176061, 0.7252502700194631, 0.7530589460171419, 0.746384863777699, 0.7474972108176061], "f1": [0.7675563883572502, 0.7524473930745599, 0.7598154183953468, 0.7543513721115408, 0.7508329805707311]}, "triplet_extraction": {"precision": [0.6071428499149661, 0.6199494871218499, 0.585168011759351, 0.5960419022579523, 0.6185318818467884], "recall": [0.5099999949, 0.4909999950900001, 0.50499999495, 0.51199999488, 0.51399999486], "f1": [0.5543428579130374, 0.5479861327198807, 0.5421313605020446, 0.5508288044857577, 0.5614368715697481]}}