{"aspect_extraction": {"precision": [0.7475728034373333, 0.777583173772624, 0.8032786738929204, 0.7575250709443968, 0.7219589143450409], "recall": [0.6895522285141459, 0.662686557273335, 0.6582089453998665, 0.6761193928937405, 0.682089542058365], "f1": [0.7173863013927069, 0.7155469945367309, 0.7235389258603248, 0.7145060458955039, 0.7014531667463254]}, "opinion_extraction": {"precision": [0.7099023610892279, 0.6936813091527293, 0.680628263342562, 0.6662404006874629, 0.711815551702946], "recall": [0.6525640941978963, 0.6474358891354374, 0.6666666581196582, 0.667948709385273, 0.6333333252136754], "f1": [0.680021719913706, 0.6697562703093145, 0.6735701213826467, 0.6670884614145146, 0.6702799469044088]}, "triplet_extraction": {"precision": [0.49090908404322964, 0.5382113733624168, 0.5526770198155956, 0.5207986602196563, 0.5797665256854762], "recall": [0.42700729407533705, 0.4026763941280244, 0.3892943991570025, 0.380778584175443, 0.36253040921495855], "f1": [0.45672891554539313, 0.460677073732076, 0.45681170355071266, 0.4399107855878318, 0.446103043544084]}}