{"aspect_extraction": {"precision": [0.6801801648608071, 0.6448801602422624, 0.6386718625259402, 0.7081339543508623, 0.6352201124691801], "recall": [0.622680399532363, 0.6103092657668193, 0.6742267902221281, 0.6103092657668193, 0.6247422551599535], "f1": [0.6501564597198235, 0.6271136346141004, 0.6559628942573232, 0.6555874825894146, 0.6299326172266744]}, "opinion_extraction": {"precision": [0.7247899007397081, 0.6686159713720083, 0.7229166516059031, 0.7483588457689531, 0.7766990102742959], "recall": [0.6609195275685914, 0.6570881100174691, 0.6647509451197138, 0.655172401241908, 0.6130268081795631], "f1": [0.6913777623341489, 0.6627969199751678, 0.6926097654552293, 0.6986671222057409, 0.6852198941154163]}, "triplet_extraction": {"precision": [0.5915915738260789, 0.5060532565120277, 0.5461956373316403, 0.6006711207828483, 0.5328467023638273], "recall": [0.35623869156892063, 0.3779385103446924, 0.3634719644941779, 0.3236889634052629, 0.3960216926578356], "f1": [0.4446905578867228, 0.43270731143738855, 0.43647727700586836, 0.42067699022183114, 0.4543519455899231]}}