{"aspect_extraction": {"precision": [0.7917304626074968, 0.7903468960731992, 0.7764350335885947, 0.7606837498478098, 0.7834586348352085], "recall": [0.7716417795277347, 0.7820895405658278, 0.7671641676542662, 0.7970149134773894, 0.7776119286923593], "f1": [0.7815520563139672, 0.7861915375110655, 0.7717667603963582, 0.7784206473813998, 0.7805193329782056]}, "opinion_extraction": {"precision": [0.7369077214849411, 0.7575757475945225, 0.7215496280684065, 0.7241379224240437, 0.7571801467731052], "recall": [0.7576922979783038, 0.7371794777284683, 0.7641025543063775, 0.7807692207593689, 0.7435897340565419], "f1": [0.7471504909225742, 0.7472334577904156, 0.7422116823147369, 0.7513830299219635, 0.750318406001894]}, "triplet_extraction": {"precision": [0.6329479677319658, 0.6462882001995895, 0.5958005171154788, 0.6265912216889502, 0.6279391337767755], "recall": [0.5328467088461472, 0.5401459788303409, 0.5523114288039972, 0.5389294338329753, 0.5523114288039972], "f1": [0.5785947650626659, 0.5884642171513407, 0.573227323212041, 0.5794587225135166, 0.5876972783363]}}