{"aspect_extraction": {"precision": [0.6866438238588387], "recall": [0.7566037593093631], "f1": [0.7199231855726302]}, "opinion_extraction": {"precision": [0.6864753957689469], "recall": [0.6285178118476958], "f1": [0.6562143896484879]}, "triplet_extraction": {"precision": [0.45228214829290153], "recall": [0.353322522636588], "f1": [0.39671936310189115]}}