{"aspect_extraction": {"precision": [0.7002053244311022, 0.534482751532059, 0.6131260688579263], "recall": [0.39929741921197404, 0.47189694997778747, 0.41569086164296415], "f1": [0.5085710567345323, 0.5012387942470345, 0.49545923867920005]}, "opinion_extraction": {"precision": [0.8157303187476334, 0.8097825866906906, 0.7391304187145562], "recall": [0.4120317773889696, 0.33825198253970507, 0.3859250807499991], "f1": [0.5475068445703828, 0.47717758128131843, 0.5070797507575378]}, "triplet_extraction": {"precision": [0.37157106305309073, 0.4605262854916917, 0.34969324080695585], "recall": [0.1495983920723053, 0.0702811237923582, 0.11445783017612621], "f1": [0.21331014884293711, 0.12194891996451718, 0.17246224240757413]}}