{"aspect_extraction": {"precision": [0.48148147776634664], "recall": [0.3058823514417532], "f1": [0.374095965935123]}, "opinion_extraction": {"precision": [0.700518897698155], "recall": [0.46187683058711226], "f1": [0.5566962384338797]}, "triplet_extraction": {"precision": [0.400817991811677], "recall": [0.16687952249093432], "f1": [0.2356435784066571]}}