{"aspect_extraction": {"precision": [0.7280163450303406], "recall": [0.731006145153878], "f1": [0.7295031818276382]}, "opinion_extraction": {"precision": [0.7346938650562268], "recall": [0.8105065513976257], "f1": [0.7707354086652944]}, "triplet_extraction": {"precision": [0.5612052625008426], "recall": [0.5255731829704906], "f1": [0.542800095715846]}}