{"aspect_extraction": {"precision": [0.663333311222223, 0.7058823232822553, 0.6333333141414148, 0.7570093104201256, 0.6076695985938172], "recall": [0.4137214051201371, 0.34927234201097, 0.434511425477933, 0.33679832979629254, 0.42827441937059424], "f1": [0.5095983285272122, 0.4673112744320797, 0.5154082309516093, 0.4661827749263511, 0.5024341621229554]}, "opinion_extraction": {"precision": [0.799999955555558, 0.7974683039577023, 0.7226277108530034, 0.6383647597998504, 0.6213333167644449], "recall": [0.2845849746129452, 0.24901185278632704, 0.39130434009279963, 0.40118576282241575, 0.4604742992001127], "f1": [0.4198211898459919, 0.3795144342775687, 0.5076877370560139, 0.4927136949626328, 0.5289394799726811]}, "triplet_extraction": {"precision": [0.9999900000999989, 0.49999875000312505, 0.49999979166675346, 0.46938770720533596, 0.43119262099150263], "recall": [0.0018115941700798158, 0.0036231883401596316, 0.02173913004095779, 0.08333333182367153, 0.08514492599375134], "f1": [0.003616600296264666, 0.007194101498268764, 0.04166586662381102, 0.14153589647221473, 0.14220601615222409]}}