{"aspect_extraction": {"precision": [0.8033057718461856], "recall": [0.7714285591836737], "f1": [0.7870395237479112]}, "opinion_extraction": {"precision": [0.713168178446308], "recall": [0.7462482844986592], "f1": [0.7293283262120202]}, "triplet_extraction": {"precision": [0.6787401467914937], "recall": [0.5525640954799476], "f1": [0.609182323085791]}}