{"aspect_extraction": {"precision": [0.77351913681118, 0.8106060299012868, 0.7977098932171798, 0.8192307377218948, 0.8706896176426889], "recall": [0.7708333065682881, 0.7430555297550164, 0.7256944192467216, 0.7395833076533574, 0.701388864535109], "f1": [0.7721688862327547, 0.7753573002316594, 0.7599949835699379, 0.7773672474879031, 0.7769181050610184]}, "opinion_extraction": {"precision": [0.7042801282381274, 0.6619718076770491, 0.6355139988936449, 0.6949152247917277, 0.6297468155143413], "recall": [0.5186246269735064, 0.5386819329890564, 0.5845272038817421, 0.4699140266500279, 0.5702005567277778], "f1": [0.5973548315379379, 0.5939918744375541, 0.6089502144761966, 0.5606789281149465, 0.5984912349559188]}, "triplet_extraction": {"precision": [0.5461254411023823, 0.5192307492603558, 0.48639454127909726, 0.5136186570576399, 0.5748987621498477], "recall": [0.41456581471804443, 0.3781512499117297, 0.40056021286946186, 0.3697478888025802, 0.39775909249974534], "f1": [0.47133265842462874, 0.4375964060445239, 0.43931915012863526, 0.4299625453871375, 0.4701938258139105]}}