{"aspect_extraction": {"precision": [0.7162471231980064, 0.5947467055394615, 0.7155172259586805, 0.7203579257190621, 0.7506297040143652], "recall": [0.6348884252558129, 0.6430020153549287, 0.673427978226613, 0.6531440029788235, 0.6044624623841286], "f1": [0.673113283260365, 0.6179287187914029, 0.693829890858579, 0.6851013804120513, 0.6696579645106485]}, "opinion_extraction": {"precision": [0.7880299055354139, 0.6978260717863898, 0.7878787679828595, 0.7139639478836949, 0.7899159442600576], "recall": [0.5851851743484228, 0.5944444334362142, 0.5777777670781895, 0.5870370261659811, 0.5222222125514405], "f1": [0.67162102472163, 0.6419950191984426, 0.6666617708005885, 0.6443039776225047, 0.6287577359305907]}, "triplet_extraction": {"precision": [0.5591397699155977, 0.49635035288685275, 0.5427807341502477, 0.5631867977146484, 0.6075949174811736], "recall": [0.36173912414366743, 0.35478260252551996, 0.3530434721209831, 0.35652173293005684, 0.3339130376710776], "f1": [0.4392771635057706, 0.4137882334380371, 0.42781397192319665, 0.4366299610029756, 0.4309718438387899]}}