{"aspect_extraction": {"precision": [0.7384615100591727, 0.8226600579970414, 0.7198443299671468, 0.7380952088057456, 0.7965367620546856], "recall": [0.6713286478556417, 0.5839160634994384, 0.6468531242359048, 0.6503496276101529, 0.6433566208616567], "f1": [0.7032916889081735, 0.683021701014351, 0.6813946208762997, 0.6914448084271274, 0.7117938685436944]}, "opinion_extraction": {"precision": [0.6821428327806132, 0.61607141023597, 0.7026022043642304, 0.6745762483194493, 0.6992187226867688], "recall": [0.5093333197511115, 0.5519999852800004, 0.5039999865600004, 0.530666652515556, 0.47733332060444483], "f1": [0.5832011942838354, 0.5822734797200781, 0.5869516390106408, 0.5940249043402884, 0.5673485671783889]}, "triplet_extraction": {"precision": [0.5958548914064823, 0.5747663282819473, 0.5687203521933483, 0.5146443299311996, 0.6237113080561182], "recall": [0.3058510556954507, 0.32712765087426465, 0.31914892768220937, 0.32712765087426465, 0.32180850207956113], "f1": [0.40421342921501957, 0.4169445154203804, 0.40885398424658576, 0.3999952351678101, 0.4245568984161828]}}