{"aspect_extraction": {"precision": [0.7340425271616126, 0.7519684743319498, 0.7347669987538711, 0.7695651839319485, 0.7586206605892468], "recall": [0.7187499750434037, 0.6631944214168605, 0.7118055308400858, 0.614583311993635, 0.6874999761284731], "f1": [0.7263107645773494, 0.7047920416740585, 0.7230990322253933, 0.683392719732749, 0.7213064612605657]}, "opinion_extraction": {"precision": [0.6279863266898865, 0.6050724418452015, 0.6592592348422506, 0.6343283345399876, 0.6654274845565992], "recall": [0.509695276739743, 0.462603865301832, 0.4930747785851862, 0.47091411437911046, 0.4958448616109457], "f1": [0.5626861683888214, 0.5243278826590052, 0.5641789213331151, 0.5405356327011217, 0.5682490568826455]}, "triplet_extraction": {"precision": [0.5670995425498033, 0.5541666435763899, 0.5454545218417955, 0.5739130185255209, 0.5350553308097664], "recall": [0.3589040997560521, 0.3643835516607246, 0.3452054699943707, 0.3616438257083884, 0.39726026308875995], "f1": [0.4395925534835269, 0.4396646204468776, 0.422814030558666, 0.4436927215251477, 0.45596993770325644]}}