{"aspect_extraction": {"precision": [0.5991189339336427, 0.633613434729186, 0.7081784254985423, 0.7380952221191511, 0.4984358655011902], "recall": [0.47441859913466744, 0.438372087925906, 0.44302325066252035, 0.39651162329637646, 0.5558139470254192], "f1": [0.5295213422725424, 0.5182082171988793, 0.5450596351830874, 0.515880468110947, 0.5255585055059757]}, "opinion_extraction": {"precision": [0.8066825583130655, 0.7597253830726457, 0.7138211266045346, 0.788990807591954, 0.5788313056358181], "recall": [0.37597329948861735, 0.36929921724917447, 0.4883203505192397, 0.3826473817280603, 0.5839821959512548], "f1": [0.5128939862230132, 0.4970015785399043, 0.5799159080776566, 0.5153513989686354, 0.5813903425398309]}, "triplet_extraction": {"precision": [0.4624059976539099, 0.3828715268798104, 0.4682539496724623, 0.6071427487245091, 0.3231597787583523], "recall": [0.12299999877000002, 0.15199999848, 0.11799999882000002, 0.03399999966, 0.1799999982], "f1": [0.19430947391292908, 0.21760509101382097, 0.1884951842967411, 0.064392933828071, 0.23120927471615807]}}