{"aspect_extraction": {"precision": [0.7519999914057144], "recall": [0.7704917942565364], "f1": [0.7611285952049767]}, "opinion_extraction": {"precision": [0.8143564255648957], "recall": [0.7468785386279394], "f1": [0.7791542659836659]}, "triplet_extraction": {"precision": [0.6608260242700122], "recall": [0.5301204766052161], "f1": [0.5882958893657365]}}