{"aspect_extraction": {"precision": [0.724196265242026, 0.7933723042227622, 0.6998468499257757, 0.7029220665110054, 0.7552083202220778], "recall": [0.6793650685815069, 0.646031735777274, 0.7253968138825903, 0.6873015763920385, 0.6904761795162512], "f1": [0.7010596947179845, 0.7121560198407313, 0.7123878198431122, 0.6950190665576584, 0.7213880329214909]}, "opinion_extraction": {"precision": [0.6947960521125731, 0.7100591610937994, 0.6781115782816656, 0.6923076824457596, 0.6955266854902354], "recall": [0.673942692033524, 0.6548431015710354, 0.6466575628013975, 0.6630286403406734, 0.6575716144942482], "f1": [0.6842055180363064, 0.681329278179062, 0.6620061667947665, 0.6773469093061377, 0.6760118247843013]}, "triplet_extraction": {"precision": [0.6180422146249095, 0.5999999882352943, 0.5373376536146485, 0.5609755999830035, 0.5468227333307235], "recall": [0.41282050752794225, 0.3923076872781066, 0.42435896891847474, 0.41282050752794225, 0.4192307638560159], "f1": [0.49499903379404353, 0.4744138163813262, 0.4742070966473586, 0.47562287833191147, 0.4745959512095318]}}