{"aspect_extraction": {"precision": [0.7639860006296154, 0.7257799552417085, 0.6854961727405164, 0.7091194857056685, 0.6932330722822094], "recall": [0.6796267390415749, 0.6874027886873595, 0.6982892581914579, 0.7013996780497718, 0.716951777341341], "f1": [0.7193365690534668, 0.7060652799836037, 0.6918285799421602, 0.7052334567100259, 0.7048879570326125]}, "opinion_extraction": {"precision": [0.7287630293776002, 0.7110481485687231, 0.679729720544193, 0.7067988568442088, 0.751891062755052], "recall": [0.6626016170379185, 0.680216792950992, 0.6815718064827668, 0.6761517523556674, 0.6734417252921175], "f1": [0.6941042988630732, 0.6952858515870906, 0.6806445172224811, 0.691130726991117, 0.7105025103852127]}, "triplet_extraction": {"precision": [0.5685557482896573, 0.5890410843631882, 0.5657142749387758, 0.5115919549985788, 0.546644835570461], "recall": [0.3941698302386587, 0.38149555916989153, 0.37642585074238466, 0.419518372376193, 0.42332065369682315], "f1": [0.46556401941045816, 0.46307214465270485, 0.4520499895215334, 0.46099782803984224, 0.47713793120377346]}}