{"aspect_extraction": {"precision": [0.7225672728246941, 0.5332409898443077, 0.6370106648218743, 0.6187683193728986, 0.6506410152140863], "recall": [0.41350710410536606, 0.45616113203600556, 0.42417061108802595, 0.49999999407582946, 0.4810426483288786], "f1": [0.5259938549888978, 0.4916936192637513, 0.5092412821343725, 0.5530749967204094, 0.5531286197894165]}, "opinion_extraction": {"precision": [0.7882095897770832, 0.7906976539871408, 0.7081632508538113, 0.7728237627850582, 0.7292418640931072], "recall": [0.4232121873011467, 0.35873387621648445, 0.40679952629777816, 0.4267291860875828, 0.47362250324006444], "f1": [0.5507200832156437, 0.49354408532609495, 0.5167488944883148, 0.5498443505484176, 0.5742667173213836]}, "triplet_extraction": {"precision": [0.3746898170052155, 0.44444441845354277, 0.3224851975596096, 0.3925233522578395, 0.41563784297786655], "recall": [0.15519013201243442, 0.0781089406155299, 0.11202466483016789, 0.1294964015467996, 0.10380267108116474], "f1": [0.21947259906534838, 0.13286458794101116, 0.16628144900266656, 0.19474124327211992, 0.16611522035615228]}}