{"aspect_extraction": {"precision": [0.7225672728246941, 0.5332409898443077, 0.6370106648218743], 
    "recall": [0.41350710410536606, 0.45616113203600556, 0.42417061108802595], 
    "f1": [0.5259938549888978, 0.4916936192637513, 0.5092412821343725]}, 
"opinion_extraction": {"precision": [0.7882095897770832, 0.7906976539871408, 0.7081632508538113], 
    "recall": [0.4232121873011467, 0.35873387621648445, 0.40679952629777816], 
    "f1": [0.5507200832156437, 0.49354408532609495, 0.5167488944883148]},
"triplet_extraction": {"precision": [0.3746898170052155, 0.44444441845354277, 0.3224851975596096],
    "recall": [0.15519013201243442, 0.0781089406155299, 0.11202466483016789],
    "f1": [0.21947259906534838, 0.13286458794101116, 0.16628144900266656]}}