{"aspect_extraction": {"precision": [0.6883308613245073], "recall": [0.756493494212768], "f1": [0.7207993310267418]}, "opinion_extraction": {"precision": [0.7976588495374775], "recall": [0.7523659187323988], "f1": [0.7743456410815215]}, "triplet_extraction": {"precision": [0.6031745936004033], "recall": [0.5397727196055012], "f1": [0.5697101493168006]}}