{"aspect_extraction": {"precision": [0.5400843767914689, 0.5160599461229134, 0.5645569477327356, 0.5075921798786946, 0.5693069166013139], "recall": [0.5224489689296129, 0.4918367246563934, 0.45510203152853, 0.4775510106622243, 0.4693877455226991], "f1": [0.5311153223555444, 0.5036522546898091, 0.5039498485338969, 0.49210855901957085, 0.5145364218304922]}, "opinion_extraction": {"precision": [0.5952941036401388, 0.6519173848991923, 0.5536585230814994, 0.573200978332482, 0.5902061703555112], "recall": [0.49414061534881615, 0.43164061656951924, 0.4433593663406374, 0.4511718661880495, 0.44726561626434347], "f1": [0.540016376341244, 0.5193841486438566, 0.49240285967281716, 0.5049130927531817, 0.508883972541102]}, "triplet_extraction": {"precision": [0.4753520959383065, 0.4865900196708805, 0.38356163332707854, 0.4548610953173231, 0.5342465509476461], "recall": [0.2364273163497843, 0.22241680871424155, 0.24518388362199856, 0.22942206253201292, 0.20490367416981306], "f1": [0.315785029739812, 0.30528414839996276, 0.2991405350170364, 0.30500135638137466, 0.29619851686236853]}}