{"aspect_extraction": {"precision": [0.6464088219224082, 0.6803518862066896, 0.598039201028451, 0.6539509358596476, 0.6646706387823162], "recall": [0.6518105668019342, 0.6462395363164475, 0.6796657192293672, 0.668523658258394, 0.6183843838890144], "f1": [0.649093456460766, 0.6628521272621556, 0.6362401146765055, 0.661152007224623, 0.6406876287481924]}, "opinion_extraction": {"precision": [0.7160493606157605, 0.7089783062235819, 0.6778115295498016, 0.7636986039829246, 0.7206896303210473], "recall": [0.6105262997229921, 0.6026315630886431, 0.586842089819945, 0.586842089819945, 0.5499999855263162], "f1": [0.6590859220415832, 0.6514886132359287, 0.629050015217943, 0.6636855422167964, 0.6238756686507967]}, "triplet_extraction": {"precision": [0.5666666430555566, 0.5856573471849662, 0.5596707588612856, 0.5805084499784555, 0.5583333100694454], "recall": [0.3292978128499319, 0.3559321947716176, 0.3292978128499319, 0.3317191202973579, 0.32445519795508], "f1": [0.4165343887725556, 0.4427663686720015, 0.414629469536757, 0.4221833404511374, 0.4104088146883552]}}