{"aspect_extraction": {"precision": [0.6695651979836175, 0.6614906626866255, 0.6477272543259304, 0.6996586791925367, 0.6608695460617523], "recall": [0.6176470423089027, 0.5695187013497673, 0.6096256521490467, 0.5481283275901517, 0.6096256521490467], "f1": [0.6425541001739935, 0.6120639758793373, 0.6280941608818091, 0.6146877090185696, 0.6342091769017617]}, "opinion_extraction": {"precision": [0.7469511967392929, 0.719546721825872, 0.7032966839753658, 0.7337277889429649, 0.7188405588741867], "recall": [0.5932203246193626, 0.6150120916461964, 0.6198547065410484, 0.6004842469616406, 0.6004842469616406], "f1": [0.6612636039859584, 0.6631803919889144, 0.6589396619057936, 0.6604477620091523, 0.6543485850168103]}, "triplet_extraction": {"precision": [0.5366795159583199, 0.5751072714546235, 0.47826085223692566, 0.5550847222421728, 0.48461536597633215], "recall": [0.3210161588679871, 0.3094688150238149, 0.30484987748614606, 0.3025404087173116, 0.2909930648731394], "f1": [0.4017294086131802, 0.40239784127099754, 0.37235066491575014, 0.3916247193652234, 0.36363166480101217]}}