{"aspect_extraction": {"precision": [0.7909835741400174, 0.7147887072257498, 0.7722007423860718, 0.7944663717602225, 0.7890624691772474], "recall": [0.691756247607303, 0.727598540229443, 0.7168458524428011, 0.7204300817050151, 0.724014310967229], "f1": [0.7380447073954945, 0.7211317421293155, 0.7434894030959556, 0.7556340813122528, 0.7551351679603142]}, "opinion_extraction": {"precision": [0.6046511427026199, 0.606557357162054, 0.6076388677903172, 0.616883096854445, 0.5909090717237315], "recall": [0.5199999851428576, 0.5285714134693882, 0.49999998571428617, 0.5428571273469392, 0.5199999851428576], "f1": [0.559134796139542, 0.564880502578656, 0.5485843717588264, 0.5775026016449172, 0.5531864929634036]}, "triplet_extraction": {"precision": [0.584541034563235, 0.5412843788401661, 0.4893616847744084, 0.5739910056506276, 0.4960937306213387], "recall": [0.345714275836735, 0.3371428475102044, 0.3942857030204085, 0.3657142752653064, 0.36285713248979623], "f1": [0.4344656910274297, 0.4154882132059791, 0.43670390487886984, 0.44676660878754537, 0.4191370207192642]}}