{"aspect_extraction": {"precision": [0.744234785236168, 0.7196261547733429, 0.7215908954244149, 0.7305389075740737, 0.7702406833645365], "recall": [0.7319587477946651, 0.7938144166223832, 0.7855669941120208, 0.7546391596981616, 0.7257731809118932], "f1": [0.7380407230814005, 0.7548969580298819, 0.752216119561185, 0.7423884954193612, 0.7473410607705873]}, "opinion_extraction": {"precision": [0.8019801821390063, 0.7797270803172109, 0.7784200235371865, 0.7657992422713896, 0.7545787407586312], "recall": [0.7758620541022595, 0.7662835102244538, 0.7739463453266984, 0.7892720155311875, 0.7892720155311875], "f1": [0.7886999519624605, 0.7729418453776211, 0.7761717382835944, 0.7773534770702375, 0.7715305686334166]}, "triplet_extraction": {"precision": [0.6186440546897446, 0.5930735802365026, 0.6545454375442744, 0.5999999877551023, 0.5813491948145001], "recall": [0.5280289235437808, 0.4954791953801231, 0.45569619429120806, 0.5316455600064094, 0.5298372417750951], "f1": [0.5697511177113854, 0.5398965074298708, 0.5373085818148976, 0.563753396737864, 0.5543942434409553]}}