{"aspect_extraction": {"precision": [0.5993975813343738, 0.5980707299345542, 0.6858168638093921, 0.6873705861828037, 0.5069967652637593], "recall": [0.4738095181689343, 0.4428571375850341, 0.45476189934807265, 0.3952380905328799, 0.5607142790391157], "f1": [0.5292503806268116, 0.5088870331201099, 0.54688138208116, 0.5018850012740077, 0.5324992463656869]}, "opinion_extraction": {"precision": [0.7823960688900717, 0.7483296047142628, 0.7051926180034738, 0.7692307512999825, 0.5739856733414598], "recall": [0.3965303544420031, 0.4163568721641032, 0.5216852475627602, 0.4089219280183157, 0.5960346890206358], "f1": [0.5263113164900879, 0.5350272448693411, 0.5997102030718758, 0.5339760415676595, 0.5847974263192685]}, "triplet_extraction": {"precision": [0.41914190035835314, 0.355769222217086, 0.4392856985969394, 0.7031248901367358, 0.32783882183445384], "recall": [0.13553895266233776, 0.15795090546477156, 0.13127000927139798, 0.04802561314807243, 0.1910352167445548], "f1": [0.20483501352907293, 0.2187688350662046, 0.20213285492762015, 0.08990889116459418, 0.24139790677676867]}}