{"aspect_extraction": {"precision": [0.6364572540014701], "recall": [0.2396277617695705], "f1": [0.34816503802194243]}, "opinion_extraction": {"precision": [0.6978908145292133], "recall": [0.37251655505789216], "f1": [0.4857467552778034]}, "triplet_extraction": {"precision": [0.4940476116957201], "recall": [0.10378243168558164], "f1": [0.17152903382061907]}}