{"aspect_extraction": {"precision": [0.7680097586323595, 0.7171270638991485, 0.744803686549611, 0.7564402721728306, 0.7402298765490819], "recall": [0.7452606546770065, 0.7689573368606951, 0.7642180004239574, 0.7654028345331418, 0.7630331663147729], "f1": [0.7564592133522454, 0.7421333624090989, 0.7543809569497866, 0.7608901620331838, 0.7514535688447024]}, "opinion_extraction": {"precision": [0.8061617354793102, 0.7945368076658337, 0.7834319433913379, 0.7880633277946002, 0.7844092474493393], "recall": [0.7362250792939615, 0.7842907293752552, 0.776084398873571, 0.7584994049413903, 0.7549824061549543], "f1": [0.769602844018137, 0.7893755219014739, 0.7797358625724842, 0.7729937978809237, 0.7694095685332156]}, "triplet_extraction": {"precision": [0.6023668567767236, 0.5883084503941736, 0.649147718051879, 0.6109660494651952, 0.6229946440776117], "recall": [0.5231243522803253, 0.4861253804098111, 0.46968139291180483, 0.48098663431668415, 0.47893113587943337], "f1": [0.5599510142693889, 0.5323529458625534, 0.5450159927954511, 0.5382354327278919, 0.5415406922289514]}}