{"aspect_extraction": {"precision": [0.7857142649281941], "recall": [0.7734374798583991], "f1": [0.7795225389371447]}, "opinion_extraction": {"precision": [0.7956989033414273], "recall": [0.6964705718477513], "f1": [0.7427804489249837]}, "triplet_extraction": {"precision": [0.6718749790039069], "recall": [0.48206276946047605], "f1": [0.5613528230213787]}}