{"aspect_extraction": {"precision": [0.6873239243007345, 0.7134502715365418, 0.6778711294713969, 0.6955307068287513, 0.7108433520830316], "recall": [0.6354166501193581, 0.6354166501193581, 0.6302083169216585, 0.6484374831136073, 0.6145833173285595], "f1": [0.6603468166589669, 0.6721713067934644, 0.653166379060576, 0.6711540177353724, 0.6592128850910486]}, "opinion_extraction": {"precision": [0.7692307445759378, 0.7432023944651845, 0.7491961173891925, 0.7290502589650766, 0.7532894489049524], "recall": [0.5647058690657443, 0.5788235157923879, 0.5482352812179934, 0.6141176326089969, 0.5388235167335643], "f1": [0.6512841094021892, 0.6507887109145872, 0.6331472767020089, 0.666661686284788, 0.6282530080667362]}, "triplet_extraction": {"precision": [0.5286885029226023, 0.5670497867030734, 0.50719422635992, 0.47756408725756133, 0.5475112874429282], "recall": [0.2892376616762856, 0.33183855758209513, 0.3161434906694285, 0.3340807099981904, 0.2713004423475237], "f1": [0.37390846121948695, 0.4186657690340287, 0.3894980209511889, 0.3931349876328554, 0.36281414884175617]}}