{"aspect_extraction": {"precision": [0.6886075862201572, 0.6654632892242685, 0.720930222695893, 0.712871277045668, 0.7142857043788391], "recall": [0.64454975539633, 0.6552132623789898, 0.6244075755401947, 0.5971563910289527, 0.6101895662299814], "f1": [0.6658456705428953, 0.6602934999175628, 0.6692013664829295, 0.6498983188696278, 0.6581419873682028]}, "opinion_extraction": {"precision": [0.768072277589273, 0.6999999906666668, 0.7440381439739564, 0.738552426313849, 0.7457886562666363], "recall": [0.5978897936941407, 0.6154747876263214, 0.548651810684035, 0.5861664644060204, 0.5709261363314638], "f1": [0.6723747655522293, 0.6550168465697557, 0.6315740531101074, 0.6535898288979372, 0.646741427571961]}, "triplet_extraction": {"precision": [0.5642276331019898, 0.571202522607555, 0.6194174637006318, 0.6032608586365786, 0.5562700875197736], "recall": [0.35662897886301154, 0.37101746792376705, 0.3278520007415005, 0.342240489802256, 0.3556012296443861], "f1": [0.43702295647375294, 0.44983945690376204, 0.4287589088359965, 0.4367166868577637, 0.4338510361229637]}}