{"aspect_extraction": {"precision": [0.700471681592649, 0.6081871226474246, 0.6870748143520451, 0.667405750168387, 0.5701438746377001], "recall": [0.6174636046265363, 0.6486486351632301, 0.6299376168412139, 0.6257796127696547, 0.659043645342128], "f1": [0.6563485965275154, 0.6277615921882052, 0.6572618064711395, 0.6459177381393442, 0.6113739922236117]}, "opinion_extraction": {"precision": [0.7383177397589313, 0.7065217237712669, 0.7448275690844237, 0.714902792334713, 0.7164178951723263], "recall": [0.6245059165117408, 0.6422924774250499, 0.6403161928791267, 0.6541501847005893, 0.6640316074302054], "f1": [0.6766545493259415, 0.6728728442345254, 0.6886241318241504, 0.6831735303534698, 0.6892257623293958]}, "triplet_extraction": {"precision": [0.5104711908253615, 0.5012345555250728, 0.535064921167145, 0.4947643849538119, 0.4778325005459976], "recall": [0.3532608631655641, 0.36775361652620264, 0.3731883990364421, 0.3423912981450852, 0.3514492689954843], "f1": [0.41755404326767936, 0.42423753340501336, 0.43969632345423504, 0.40470607780581513, 0.4050055461469886]}}