{"aspect_extraction": {"precision": [0.5730994040331501, 0.6215596187715684, 0.5553505432592151, 0.616113729475978, 0.5498007858605422], "recall": [0.5547169706657176, 0.5113207450694199, 0.5679245175863299, 0.4905660284798863, 0.5207547071555716], "f1": [0.5637533798240519, 0.5610716403267977, 0.5615621543731435, 0.5462135403136447, 0.534878714291607]}, "opinion_extraction": {"precision": [0.567198164756306, 0.5724137799445108, 0.5654205475369031, 0.5931372403642834, 0.46742670248490714], "recall": [0.4671669705972426, 0.4671669705972426, 0.45403376258848477, 0.45403376258848477, 0.5384615283590708], "f1": [0.5123407152801494, 0.5144578505829128, 0.503637088799011, 0.5143415173013651, 0.50043093604944]}, "triplet_extraction": {"precision": [0.38541665328414404, 0.4060150223302624, 0.3625730888136524, 0.461538443786983, 0.38554215706198325], "recall": [0.17990275235165717, 0.1750405158016124, 0.20097244406851794, 0.19448946200179154, 0.20745542613524431], "f1": [0.24529952285075646, 0.24461639614828767, 0.25859811699368696, 0.2736560275959907, 0.26975308496111977]}}