{"aspect_extraction": {"precision": [0.7833333006944458], "recall": [0.6573426343586493], "f1": [0.7148239084327093]}, "opinion_extraction": {"precision": [0.7192982245819233], "recall": [0.6559999825066671], "f1": [0.6861874601064218]}, "triplet_extraction": {"precision": [0.6147859682962659], "recall": [0.4202127547815757], "f1": [0.499205271566398]}}