{"aspect_extraction": {"precision": [0.6721762900226917, 0.6951219300267705, 0.7448979338470091, 0.7073170516061875, 0.6602209762369896], "recall": [0.6256410095989485, 0.584615369625247, 0.5615384471400399, 0.5948717796186723, 0.6128204971071668], "f1": [0.6480693584437224, 0.6350925126667054, 0.640345956998629, 0.6462345736370101, 0.6356332879381574]}, "opinion_extraction": {"precision": [0.6750629552880868, 0.7443181606727796, 0.7371428360816333, 0.7683284232161753, 0.6515151350627492], "recall": [0.6380952229024948, 0.6238095089569164, 0.6142856996598643, 0.6238095089569164, 0.6142856996598643], "f1": [0.6560537394704561, 0.6787514979288218, 0.6701248940829038, 0.6885627099355299, 0.6323479300423499]}, "triplet_extraction": {"precision": [0.48717947156476055, 0.5983263347980613, 0.5268817015454588, 0.48013243443270087, 0.44512193764872143], "recall": [0.3340659267238258, 0.3142857073783361, 0.32307691597633154, 0.3186813116773338, 0.3208791138268327], "f1": [0.3963445768228988, 0.41209921892013485, 0.4005402357465388, 0.3830863434617233, 0.3729197708635476]}}