{"aspect_extraction": {"precision": [0.7002053244311022, 0.534482751532059, 0.6131260688579263, 0.6005873626932839, 0.6269429943533162], "recall": [0.39929741921197404, 0.47189694997778747, 0.41569086164296415, 0.4789227110196404, 0.4250585430321014], "f1": [0.5085710567345323, 0.5012387942470345, 0.49545923867920005, 0.5328940794142083, 0.5066246258217081]}, "opinion_extraction": {"precision": [0.8157303187476334, 0.8097825866906906, 0.7391304187145562, 0.7952069543527898, 0.7245508837414993], "recall": [0.4120317773889696, 0.33825198253970507, 0.3859250807499991, 0.41430192492279316, 0.4120317773889696], "f1": [0.5475068445703828, 0.47717758128131843, 0.5070797507575378, 0.5447716071991756, 0.5253209855144219]}, "triplet_extraction": {"precision": [0.37157106305309073, 0.4605262854916917, 0.34969324080695585, 0.4072847547256704, 0.40780140397867365], "recall": [0.1495983920723053, 0.0702811237923582, 0.11445783017612621, 0.12349397466371512, 0.11546184623030276], "f1": [0.21331014884293711, 0.12194891996451718, 0.17246224240757413, 0.18951876856492722, 0.17996525899186683]}}