{"aspect_extraction": {"precision": [0.7983425304096335, 0.8444789915322085, 0.8546603340495998], "recall": [0.8906009107765653, 0.8366717898817906, 0.8335901258306606], "f1": [0.8419469327646228, 0.840552262667646, 0.8439887473919868]}, "opinion_extraction": {"precision": [0.7492997093935615, 0.8038277383759531, 0.7885196255510631], "recall": [0.7621082512520192, 0.7179487077215284, 0.7435897329972972], "f1": [0.7556447072332771, 0.75846001582901, 0.7653908875378739]}, "triplet_extraction": {"precision": [0.6412103654004271, 0.6595744580611784, 0.682089542058365], "recall": [0.5894039657032587, 0.5748344294723917, 0.605298005227841], "f1": [0.6142117015971866, 0.6142908393952269, 0.641398517598564]}}