{"aspect_extraction": {"precision": [0.6289156550733054, 0.7184170362493602, 0.6644021648858401, 0.6696774107138399, 0.6957787380527113], "recall": [0.6069767371281775, 0.5488372029204976, 0.5686046445511088, 0.6034883650757167, 0.5558139470254192], "f1": [0.617746473595291, 0.6222758987720214, 0.6127769774305228, 0.6348573911080055, 0.6179653196082776]}, "opinion_extraction": {"precision": [0.7026666572977779, 0.726287253031338, 0.7083333241102432, 0.7133592644181678, 0.752517974783914], "recall": [0.5862068900310691, 0.5962180133902335, 0.6051167897094907, 0.6117908719489336, 0.5817575018714405], "f1": [0.6391702908408106, 0.6548514851169375, 0.6526644891915906, 0.6586776562532212, 0.6562058641618934]}, "triplet_extraction": {"precision": [0.5347431943392267, 0.5566037648332741, 0.5760683662210536, 0.5474576178397014, 0.5596774103277837], "recall": [0.35399999646, 0.35399999646, 0.33699999663, 0.32299999677, 0.34699999653], "f1": [0.42598798150668776, 0.4327580784651537, 0.42523193051900865, 0.4062846355822706, 0.42839033160217344]}}