{"aspect_extraction": {"precision": [0.7777777683843264], "recall": [0.7630331663147729], "f1": [0.7703299195054446]}, "opinion_extraction": {"precision": [0.8157216389726594], "recall": [0.7420867439380218], "f1": [0.777158905897588]}, "triplet_extraction": {"precision": [0.6368491236735765], "recall": [0.4902363772843127], "f1": [0.5540020468559889]}}