{"aspect_extraction": {"precision": [0.6797202702137025, 0.6710012916644825, 0.661803704750614, 0.6640211552378155, 0.644361825968255], "recall": [0.5785714216836736, 0.6142857069727892, 0.5940476119756237, 0.5976190405045353, 0.6190476116780046], "f1": [0.6250754101613756, 0.6413871708512345, 0.6260928737395346, 0.6290676877110806, 0.6314461176333592]}, "opinion_extraction": {"precision": [0.7276785606000215, 0.7128851440772389, 0.7142857042817129, 0.690026944878343, 0.6556372468671906], "recall": [0.6059479478816859, 0.6307310950343111, 0.6319702523919424, 0.6344485671072049, 0.6629491863327238], "f1": [0.6612526392443613, 0.6692915253796257, 0.6706064497541103, 0.6610666594414268, 0.6592679433922488]}, "triplet_extraction": {"precision": [0.5426229419242141, 0.598165126639172, 0.5189107334506697, 0.5448613287950844, 0.5140055950419384], "recall": [0.3532550656002661, 0.3479188863615914, 0.36606189577308546, 0.35645677314347096, 0.39167555611872407], "f1": [0.4279202340821821, 0.4399413628262186, 0.4292817520962378, 0.4309629549000786, 0.44457412889192227]}}