{"aspect_extraction": {"precision": [0.8108614080363032, 0.7977736401155169, 0.7759856491758844, 0.7967032821116615, 0.7745266648102124], "recall": [0.6808175993582138, 0.6761006183003048, 0.6808175993582138, 0.6839622533968199, 0.7075471586863654], "f1": [0.7401659655530236, 0.7319099152677344, 0.725288141551364, 0.7360356257045931, 0.7395184163341056]}, "opinion_extraction": {"precision": [0.7352517879819886, 0.7664122020395084, 0.7784615264852073, 0.745535703191433, 0.793427217630247], "recall": [0.6644993411638578, 0.652795830262733, 0.6579973906632329, 0.6514954401626081, 0.6592977807633579], "f1": [0.6980824349676215, 0.7050512019527702, 0.7131733197204319, 0.6953454641164447, 0.7201654869736087]}, "triplet_extraction": {"precision": [0.62086955441966, 0.6366972360239039, 0.628774411567062, 0.6152512891637558, 0.634892074912013], "recall": [0.441831677700103, 0.4294554402295119, 0.4381188064589257, 0.4393564302059848, 0.43688118271186654], "f1": [0.5162641149750059, 0.5129294016377045, 0.5164065307392566, 0.5126305107943055, 0.5175904710377355]}}