{"aspect_extraction": {"precision": [0.6335403648007408, 0.6527093515676189, 0.6644021648858401, 0.6975748830588462, 0.6748971100837159], "recall": [0.5971896885574978, 0.6206088920303409, 0.5725995249110126, 0.5725995249110126, 0.5761124054319391], "f1": [0.6148232067553119, 0.636249497379595, 0.6150893594642702, 0.6289339471073541, 0.621599571688741]}, "opinion_extraction": {"precision": [0.757183897166898, 0.7379679045726216, 0.728218456069981, 0.7216216118699782, 0.7796874878173831], "recall": [0.5981838751624986, 0.6265607193352927, 0.6356413094705867, 0.606129391530881, 0.5664018096889692], "f1": [0.6683527014605066, 0.677711415469005, 0.6787828936342871, 0.6588475898869743, 0.6561423884697153]}, "triplet_extraction": {"precision": [0.5361635135823347, 0.5013020768059625, 0.5809859052643327, 0.5492730121280612, 0.5839285610012758], "recall": [0.3423694744742021, 0.3865461808579701, 0.3313252978782601, 0.3413654584200255, 0.32831324971573045], "f1": [0.4178873950915027, 0.4365030151442503, 0.4219902540063825, 0.4210478988808199, 0.4203038705146088]}}