{"aspect_extraction": {"precision": [0.5283400702765169, 0.5442708191596142, 0.5646437845740426, 0.5608465460093507, 0.5549871980821689], "recall": [0.5127701274504887, 0.4106090292611193, 0.4204322117793279, 0.4165029387720445, 0.42632612129025305], "f1": [0.5204336747368096, 0.4680801939195292, 0.48197707833572095, 0.4780108818717669, 0.4822172975068623]}, "opinion_extraction": {"precision": [0.5366972353968524, 0.5738916114805022, 0.5619047485260774, 0.5682381992993003, 0.5773195727494956], "recall": [0.4642857050736964, 0.46230157812893696, 0.46825395896321514, 0.4543650703498994, 0.4444444356261025], "f1": [0.49786735604787735, 0.5120829588690895, 0.5108175411361936, 0.5049564621603163, 0.5022372258117423]}, "triplet_extraction": {"precision": [0.43322474158877067, 0.4274808997144695, 0.40849671867657783, 0.42953018692851724, 0.4020978880385354], "recall": [0.22542372499281824, 0.1898305052571101, 0.21186440318873895, 0.21694914886526867, 0.19491525093363982], "f1": [0.29653952681983664, 0.2629065330540344, 0.2790133533190495, 0.28828382250625606, 0.2625526738606708]}}