{"aspect_extraction": {"precision": [0.6930090974769272, 0.713310555859708, 0.5312499896240237, 0.7548637838574404, 0.6373626198526753], "recall": [0.46247463564960173, 0.4239350826788016, 0.5517241267398758, 0.3935091198071173, 0.47058822574871756], "f1": [0.5547397111194993, 0.5318019260166675, 0.5412885233995347, 0.5173288146525358, 0.5414186712928869]}, "opinion_extraction": {"precision": [0.7528089464714075, 0.7651006197919047, 0.7490494011768289, 0.6518987135475092, 0.6219838975339438], "recall": [0.24814814355281217, 0.21111110720164616, 0.36481480805898503, 0.38148147441700975, 0.42962962167352553], "f1": [0.3732553135434413, 0.33091096929868224, 0.49065560770008054, 0.48130374240246665, 0.508209833089163]}, "triplet_extraction": {"precision": [0.5999988000024, 0.9999966666777778, 0.4062498730469146, 0.39705879433391217, 0.4238410315337065], "recall": [0.005217391213610588, 0.005217391213610588, 0.022608695258979215, 0.09391304184499058, 0.1113043458903592], "f1": [0.010344656304512574, 0.010380519211425868, 0.04283260773806846, 0.15189563612945928, 0.17630524055809613]}}