{"aspect_extraction": {"precision": [0.65065500762762, 0.65887848927854, 0.615546205555752, 0.6461538319526631, 0.6586956378544427], "recall": [0.611909638359145, 0.5790554295881842, 0.6016426981182198, 0.6036960861664048, 0.6221765786000703], "f1": [0.6306828220882192, 0.6163884499790069, 0.6085100451687404, 0.6241988142131725, 0.6399105132921047]}, "opinion_extraction": {"precision": [0.7201645942352964, 0.7523364310201769, 0.7727272532139583, 0.7499999829545458, 0.7927710652344322], "recall": [0.6566604004378912, 0.6041275684028599, 0.5741088072399849, 0.6191369489842974, 0.6172607764116177], "f1": [0.6869429854141554, 0.6701303215342508, 0.6587679686496224, 0.6783095230359019, 0.6940878898629267]}, "triplet_extraction": {"precision": [0.49999998697916703, 0.4928366620963707, 0.475247512988923, 0.49197859647116055, 0.5023696563419513], "recall": [0.3386243326521282, 0.3033509646675315, 0.3386243326521282, 0.3245149854582895, 0.3738977006367249], "f1": [0.4037806656692304, 0.37554112658713695, 0.3954637218961468, 0.3910685283274686, 0.4287109734834519]}}